ru,fog,packet_id,created_at_us,fronthaul_latency_us,end_to_end_latency_us
RU:0,Fog:0,0,0,132.2,204.39999999999998
RU:1,Fog:1,0,0,132.2,204.39999999999998
RU:2,Fog:2,0,0,132.2,204.39999999999998
RU:3,Fog:3,0,0,132.2,204.39999999999998
RU:0,Fog:0,1,14.4,132.2,204.39999999999998
RU:1,Fog:1,1,14.4,132.2,204.39999999999998
RU:2,Fog:2,1,14.4,132.2,204.39999999999998
RU:3,Fog:3,1,14.4,132.2,204.39999999999998
RU:0,Fog:0,2,28.8,132.2,204.39999999999998
RU:1,Fog:1,2,28.8,132.2,204.39999999999998
RU:2,Fog:2,2,28.8,132.2,204.39999999999998
RU:3,Fog:3,2,28.8,132.2,204.39999999999998
RU:0,Fog:0,3,43.2,132.2,204.39999999999998
RU:1,Fog:1,3,43.2,132.2,204.39999999999998
RU:2,Fog:2,3,43.2,132.2,204.39999999999998
RU:3,Fog:3,3,43.2,132.2,204.39999999999998
RU:0,Fog:0,4,57.6,132.20000000000002,204.4
RU:1,Fog:1,4,57.6,132.20000000000002,204.4
RU:2,Fog:2,4,57.6,132.20000000000002,204.4
RU:3,Fog:3,4,57.6,132.20000000000002,204.4
RU:0,Fog:0,5,72.0,132.2,204.39999999999998
RU:1,Fog:1,5,72.0,132.2,204.39999999999998
RU:2,Fog:2,5,72.0,132.2,204.39999999999998
RU:3,Fog:3,5,72.0,132.2,204.39999999999998
RU:0,Fog:0,6,86.4,132.20000000000002,204.4
RU:1,Fog:1,6,86.4,132.20000000000002,204.4
RU:2,Fog:2,6,86.4,132.20000000000002,204.4
RU:3,Fog:3,6,86.4,132.20000000000002,204.4
RU:0,Fog:0,7,100.80000000000001,132.2,204.39999999999998
RU:1,Fog:1,7,100.80000000000001,132.2,204.39999999999998
RU:2,Fog:2,7,100.80000000000001,132.2,204.39999999999998
RU:3,Fog:3,7,100.80000000000001,132.2,204.39999999999998
RU:0,Fog:0,8,115.20000000000002,132.20000000000002,204.4
RU:1,Fog:1,8,115.20000000000002,132.20000000000002,204.4
RU:2,Fog:2,8,115.20000000000002,132.20000000000002,204.4
RU:3,Fog:3,8,115.20000000000002,132.20000000000002,204.4
RU:0,Fog:0,9,129.60000000000002,132.2,204.39999999999998
RU:1,Fog:1,9,129.60000000000002,132.2,204.39999999999998
RU:2,Fog:2,9,129.60000000000002,132.2,204.39999999999998
RU:3,Fog:3,9,129.60000000000002,132.2,204.39999999999998
RU:0,Fog:0,10,144.00000000000003,132.20000000000002,204.4
RU:1,Fog:1,10,144.00000000000003,132.20000000000002,204.4
RU:2,Fog:2,10,144.00000000000003,132.20000000000002,204.4
RU:3,Fog:3,10,144.00000000000003,132.20000000000002,204.4
RU:0,Fog:0,11,158.40000000000003,132.2,204.39999999999998
RU:1,Fog:1,11,158.40000000000003,132.2,204.39999999999998
RU:2,Fog:2,11,158.40000000000003,132.2,204.39999999999998
RU:3,Fog:3,11,158.40000000000003,132.2,204.39999999999998
RU:0,Fog:0,12,172.80000000000004,132.19999999999996,204.39999999999995
RU:1,Fog:1,12,172.80000000000004,132.19999999999996,204.39999999999995
RU:2,Fog:2,12,172.80000000000004,132.19999999999996,204.39999999999995
RU:3,Fog:3,12,172.80000000000004,132.19999999999996,204.39999999999995
RU:0,Fog:0,13,187.20000000000005,132.2,204.39999999999998
RU:1,Fog:1,13,187.20000000000005,132.2,204.39999999999998
RU:2,Fog:2,13,187.20000000000005,132.2,204.39999999999998
RU:3,Fog:3,13,187.20000000000005,132.2,204.39999999999998
RU:0,Fog:0,14,201.60000000000005,132.20000000000002,204.4
RU:1,Fog:1,14,201.60000000000005,132.20000000000002,204.4
RU:2,Fog:2,14,201.60000000000005,132.20000000000002,204.4
RU:3,Fog:3,14,201.60000000000005,132.20000000000002,204.4
RU:0,Fog:0,15,216.00000000000006,132.2,204.39999999999998
RU:1,Fog:1,15,216.00000000000006,132.2,204.39999999999998
RU:2,Fog:2,15,216.00000000000006,132.2,204.39999999999998
RU:3,Fog:3,15,216.00000000000006,132.2,204.39999999999998
RU:0,Fog:0,16,230.40000000000006,132.19999999999996,204.39999999999995
RU:1,Fog:1,16,230.40000000000006,132.19999999999996,204.39999999999995
RU:2,Fog:2,16,230.40000000000006,132.19999999999996,204.39999999999995
RU:3,Fog:3,16,230.40000000000006,132.19999999999996,204.39999999999995
RU:0,Fog:0,17,244.80000000000007,132.2,204.39999999999998
RU:1,Fog:1,17,244.80000000000007,132.2,204.39999999999998
RU:2,Fog:2,17,244.80000000000007,132.2,204.39999999999998
RU:3,Fog:3,17,244.80000000000007,132.2,204.39999999999998
RU:0,Fog:0,18,259.20000000000005,132.2,204.39999999999998
RU:1,Fog:1,18,259.20000000000005,132.2,204.39999999999998
RU:2,Fog:2,18,259.20000000000005,132.2,204.39999999999998
RU:3,Fog:3,18,259.20000000000005,132.2,204.39999999999998
RU:0,Fog:0,19,273.6,132.2,204.39999999999998
RU:1,Fog:1,19,273.6,132.2,204.39999999999998
RU:2,Fog:2,19,273.6,132.2,204.39999999999998
RU:3,Fog:3,19,273.6,132.2,204.39999999999998
RU:0,Fog:0,20,288.0,132.2,204.39999999999998
RU:1,Fog:1,20,288.0,132.2,204.39999999999998
RU:2,Fog:2,20,288.0,132.2,204.39999999999998
RU:3,Fog:3,20,288.0,132.2,204.39999999999998
RU:0,Fog:0,21,302.4,132.2,204.39999999999998
RU:1,Fog:1,21,302.4,132.2,204.39999999999998
RU:2,Fog:2,21,302.4,132.2,204.39999999999998
RU:3,Fog:3,21,302.4,132.2,204.39999999999998
RU:0,Fog:0,22,316.79999999999995,132.2,204.39999999999998
RU:1,Fog:1,22,316.79999999999995,132.2,204.39999999999998
RU:2,Fog:2,22,316.79999999999995,132.2,204.39999999999998
RU:3,Fog:3,22,316.79999999999995,132.2,204.39999999999998
RU:0,Fog:0,23,331.19999999999993,132.2,204.39999999999998
RU:1,Fog:1,23,331.19999999999993,132.2,204.39999999999998
RU:2,Fog:2,23,331.19999999999993,132.2,204.39999999999998
RU:3,Fog:3,23,331.19999999999993,132.2,204.39999999999998
RU:0,Fog:0,24,345.5999999999999,132.2,204.39999999999998
RU:1,Fog:1,24,345.5999999999999,132.2,204.39999999999998
RU:2,Fog:2,24,345.5999999999999,132.2,204.39999999999998
RU:3,Fog:3,24,345.5999999999999,132.2,204.39999999999998
RU:0,Fog:0,25,359.9999999999999,132.2,204.39999999999998
RU:1,Fog:1,25,359.9999999999999,132.2,204.39999999999998
RU:2,Fog:2,25,359.9999999999999,132.2,204.39999999999998
RU:3,Fog:3,25,359.9999999999999,132.2,204.39999999999998
RU:0,Fog:0,26,374.39999999999986,132.2,204.39999999999998
RU:1,Fog:1,26,374.39999999999986,132.2,204.39999999999998
RU:2,Fog:2,26,374.39999999999986,132.2,204.39999999999998
RU:3,Fog:3,26,374.39999999999986,132.2,204.39999999999998
RU:0,Fog:0,27,388.79999999999984,132.19999999999993,204.39999999999998
RU:1,Fog:1,27,388.79999999999984,132.19999999999993,204.39999999999998
RU:2,Fog:2,27,388.79999999999984,132.19999999999993,204.39999999999998
RU:3,Fog:3,27,388.79999999999984,132.19999999999993,204.39999999999998
RU:0,Fog:0,28,403.1999999999998,132.20000000000005,204.4000000000001
RU:1,Fog:1,28,403.1999999999998,132.20000000000005,204.4000000000001
RU:2,Fog:2,28,403.1999999999998,132.20000000000005,204.4000000000001
RU:3,Fog:3,28,403.1999999999998,132.20000000000005,204.4000000000001
RU:0,Fog:0,29,417.5999999999998,132.19999999999993,204.39999999999998
RU:1,Fog:1,29,417.5999999999998,132.19999999999993,204.39999999999998
RU:2,Fog:2,29,417.5999999999998,132.19999999999993,204.39999999999998
RU:3,Fog:3,29,417.5999999999998,132.19999999999993,204.39999999999998
RU:0,Fog:0,30,431.9999999999998,132.20000000000005,204.4000000000001
RU:1,Fog:1,30,431.9999999999998,132.20000000000005,204.4000000000001
RU:2,Fog:2,30,431.9999999999998,132.20000000000005,204.4000000000001
RU:3,Fog:3,30,431.9999999999998,132.20000000000005,204.4000000000001
RU:0,Fog:0,31,446.39999999999975,132.19999999999993,204.39999999999998
RU:1,Fog:1,31,446.39999999999975,132.19999999999993,204.39999999999998
RU:2,Fog:2,31,446.39999999999975,132.19999999999993,204.39999999999998
RU:3,Fog:3,31,446.39999999999975,132.19999999999993,204.39999999999998
RU:0,Fog:0,32,460.7999999999997,132.20000000000005,204.4000000000001
RU:1,Fog:1,32,460.7999999999997,132.20000000000005,204.4000000000001
RU:2,Fog:2,32,460.7999999999997,132.20000000000005,204.4000000000001
RU:3,Fog:3,32,460.7999999999997,132.20000000000005,204.4000000000001
RU:0,Fog:0,33,475.1999999999997,132.19999999999993,204.39999999999998
RU:1,Fog:1,33,475.1999999999997,132.19999999999993,204.39999999999998
RU:2,Fog:2,33,475.1999999999997,132.19999999999993,204.39999999999998
RU:3,Fog:3,33,475.1999999999997,132.19999999999993,204.39999999999998
RU:0,Fog:0,34,489.5999999999997,132.20000000000005,204.4000000000001
RU:1,Fog:1,34,489.5999999999997,132.20000000000005,204.4000000000001
RU:2,Fog:2,34,489.5999999999997,132.20000000000005,204.4000000000001
RU:3,Fog:3,34,489.5999999999997,132.20000000000005,204.4000000000001
RU:0,Fog:0,35,503.99999999999966,132.19999999999993,204.39999999999998
RU:1,Fog:1,35,503.99999999999966,132.19999999999993,204.39999999999998
RU:2,Fog:2,35,503.99999999999966,132.19999999999993,204.39999999999998
RU:3,Fog:3,35,503.99999999999966,132.19999999999993,204.39999999999998
RU:0,Fog:0,36,518.3999999999996,132.20000000000005,204.4000000000001
RU:1,Fog:1,36,518.3999999999996,132.20000000000005,204.4000000000001
RU:2,Fog:2,36,518.3999999999996,132.20000000000005,204.4000000000001
RU:3,Fog:3,36,518.3999999999996,132.20000000000005,204.4000000000001
RU:0,Fog:0,37,532.7999999999996,132.20000000000005,204.4000000000001
RU:1,Fog:1,37,532.7999999999996,132.20000000000005,204.4000000000001
RU:2,Fog:2,37,532.7999999999996,132.20000000000005,204.4000000000001
RU:3,Fog:3,37,532.7999999999996,132.20000000000005,204.4000000000001
RU:0,Fog:0,38,547.1999999999996,132.20000000000005,204.4000000000001
RU:1,Fog:1,38,547.1999999999996,132.20000000000005,204.4000000000001
RU:2,Fog:2,38,547.1999999999996,132.20000000000005,204.4000000000001
RU:3,Fog:3,38,547.1999999999996,132.20000000000005,204.4000000000001
RU:0,Fog:0,39,561.5999999999996,132.20000000000005,204.4000000000001
RU:1,Fog:1,39,561.5999999999996,132.20000000000005,204.4000000000001
RU:2,Fog:2,39,561.5999999999996,132.20000000000005,204.4000000000001
RU:3,Fog:3,39,561.5999999999996,132.20000000000005,204.4000000000001
RU:0,Fog:0,40,575.9999999999995,132.20000000000005,204.4000000000001
RU:1,Fog:1,40,575.9999999999995,132.20000000000005,204.4000000000001
RU:2,Fog:2,40,575.9999999999995,132.20000000000005,204.4000000000001
RU:3,Fog:3,40,575.9999999999995,132.20000000000005,204.4000000000001
RU:0,Fog:0,41,590.3999999999995,132.20000000000005,204.4000000000001
RU:1,Fog:1,41,590.3999999999995,132.20000000000005,204.4000000000001
RU:2,Fog:2,41,590.3999999999995,132.20000000000005,204.4000000000001
RU:3,Fog:3,41,590.3999999999995,132.20000000000005,204.4000000000001
RU:0,Fog:0,42,604.7999999999995,132.20000000000005,204.4000000000001
RU:1,Fog:1,42,604.7999999999995,132.20000000000005,204.4000000000001
RU:2,Fog:2,42,604.7999999999995,132.20000000000005,204.4000000000001
RU:3,Fog:3,42,604.7999999999995,132.20000000000005,204.4000000000001
RU:0,Fog:0,43,619.1999999999995,132.20000000000005,204.4000000000001
RU:1,Fog:1,43,619.1999999999995,132.20000000000005,204.4000000000001
RU:2,Fog:2,43,619.1999999999995,132.20000000000005,204.4000000000001
RU:3,Fog:3,43,619.1999999999995,132.20000000000005,204.4000000000001
RU:0,Fog:0,44,633.5999999999995,132.20000000000005,204.4000000000001
RU:1,Fog:1,44,633.5999999999995,132.20000000000005,204.4000000000001
RU:2,Fog:2,44,633.5999999999995,132.20000000000005,204.4000000000001
RU:3,Fog:3,44,633.5999999999995,132.20000000000005,204.4000000000001
RU:0,Fog:0,45,647.9999999999994,132.20000000000005,204.4000000000001
RU:1,Fog:1,45,647.9999999999994,132.20000000000005,204.4000000000001
RU:2,Fog:2,45,647.9999999999994,132.20000000000005,204.4000000000001
RU:3,Fog:3,45,647.9999999999994,132.20000000000005,204.4000000000001
RU:0,Fog:0,46,662.3999999999994,132.20000000000005,204.4000000000001
RU:1,Fog:1,46,662.3999999999994,132.20000000000005,204.4000000000001
RU:2,Fog:2,46,662.3999999999994,132.20000000000005,204.4000000000001
RU:3,Fog:3,46,662.3999999999994,132.20000000000005,204.4000000000001
RU:0,Fog:0,47,676.7999999999994,132.20000000000005,204.4000000000001
RU:1,Fog:1,47,676.7999999999994,132.20000000000005,204.4000000000001
RU:2,Fog:2,47,676.7999999999994,132.20000000000005,204.4000000000001
RU:3,Fog:3,47,676.7999999999994,132.20000000000005,204.4000000000001
RU:0,Fog:0,48,691.1999999999994,132.20000000000005,204.4000000000001
RU:1,Fog:1,48,691.1999999999994,132.20000000000005,204.4000000000001
RU:2,Fog:2,48,691.1999999999994,132.20000000000005,204.4000000000001
RU:3,Fog:3,48,691.1999999999994,132.20000000000005,204.4000000000001
RU:0,Fog:0,49,705.5999999999993,132.20000000000005,204.4000000000001
RU:1,Fog:1,49,705.5999999999993,132.20000000000005,204.4000000000001
RU:2,Fog:2,49,705.5999999999993,132.20000000000005,204.4000000000001
RU:3,Fog:3,49,705.5999999999993,132.20000000000005,204.4000000000001
RU:0,Fog:0,50,719.9999999999993,132.20000000000005,204.4000000000001
RU:1,Fog:1,50,719.9999999999993,132.20000000000005,204.4000000000001
RU:2,Fog:2,50,719.9999999999993,132.20000000000005,204.4000000000001
RU:3,Fog:3,50,719.9999999999993,132.20000000000005,204.4000000000001
RU:0,Fog:0,51,734.3999999999993,132.20000000000005,204.4000000000001
RU:1,Fog:1,51,734.3999999999993,132.20000000000005,204.4000000000001
RU:2,Fog:2,51,734.3999999999993,132.20000000000005,204.4000000000001
RU:3,Fog:3,51,734.3999999999993,132.20000000000005,204.4000000000001
RU:0,Fog:0,52,748.7999999999993,132.20000000000005,204.4000000000001
RU:1,Fog:1,52,748.7999999999993,132.20000000000005,204.4000000000001
RU:2,Fog:2,52,748.7999999999993,132.20000000000005,204.4000000000001
RU:3,Fog:3,52,748.7999999999993,132.20000000000005,204.4000000000001
RU:0,Fog:0,53,763.1999999999992,132.20000000000005,204.4000000000001
RU:1,Fog:1,53,763.1999999999992,132.20000000000005,204.4000000000001
RU:2,Fog:2,53,763.1999999999992,132.20000000000005,204.4000000000001
RU:3,Fog:3,53,763.1999999999992,132.20000000000005,204.4000000000001
RU:0,Fog:0,54,777.5999999999992,132.20000000000005,204.4000000000001
RU:1,Fog:1,54,777.5999999999992,132.20000000000005,204.4000000000001
RU:2,Fog:2,54,777.5999999999992,132.20000000000005,204.4000000000001
RU:3,Fog:3,54,777.5999999999992,132.20000000000005,204.4000000000001
RU:0,Fog:0,55,791.9999999999992,132.20000000000005,204.4000000000001
RU:1,Fog:1,55,791.9999999999992,132.20000000000005,204.4000000000001
RU:2,Fog:2,55,791.9999999999992,132.20000000000005,204.4000000000001
RU:3,Fog:3,55,791.9999999999992,132.20000000000005,204.4000000000001
RU:0,Fog:0,56,806.3999999999992,132.20000000000005,204.4000000000001
RU:1,Fog:1,56,806.3999999999992,132.20000000000005,204.4000000000001
RU:2,Fog:2,56,806.3999999999992,132.20000000000005,204.4000000000001
RU:3,Fog:3,56,806.3999999999992,132.20000000000005,204.4000000000001
RU:0,Fog:0,57,820.7999999999992,132.20000000000005,204.4000000000002
RU:1,Fog:1,57,820.7999999999992,132.20000000000005,204.4000000000002
RU:2,Fog:2,57,820.7999999999992,132.20000000000005,204.4000000000002
RU:3,Fog:3,57,820.7999999999992,132.20000000000005,204.4000000000002
RU:0,Fog:0,58,835.1999999999991,132.20000000000005,204.4000000000001
RU:1,Fog:1,58,835.1999999999991,132.20000000000005,204.4000000000001
RU:2,Fog:2,58,835.1999999999991,132.20000000000005,204.4000000000001
RU:3,Fog:3,58,835.1999999999991,132.20000000000005,204.4000000000001
RU:0,Fog:0,59,849.5999999999991,132.20000000000005,204.39999999999998
RU:1,Fog:1,59,849.5999999999991,132.20000000000005,204.39999999999998
RU:2,Fog:2,59,849.5999999999991,132.20000000000005,204.39999999999998
RU:3,Fog:3,59,849.5999999999991,132.20000000000005,204.39999999999998
RU:0,Fog:0,60,863.9999999999991,132.20000000000005,204.4000000000001
RU:1,Fog:1,60,863.9999999999991,132.20000000000005,204.4000000000001
RU:2,Fog:2,60,863.9999999999991,132.20000000000005,204.4000000000001
RU:3,Fog:3,60,863.9999999999991,132.20000000000005,204.4000000000001
RU:0,Fog:0,61,878.3999999999991,132.20000000000005,204.4000000000002
RU:1,Fog:1,61,878.3999999999991,132.20000000000005,204.4000000000002
RU:2,Fog:2,61,878.3999999999991,132.20000000000005,204.4000000000002
RU:3,Fog:3,61,878.3999999999991,132.20000000000005,204.4000000000002
RU:0,Fog:0,62,892.799999999999,132.20000000000005,204.4000000000001
RU:1,Fog:1,62,892.799999999999,132.20000000000005,204.4000000000001
RU:2,Fog:2,62,892.799999999999,132.20000000000005,204.4000000000001
RU:3,Fog:3,62,892.799999999999,132.20000000000005,204.4000000000001
RU:0,Fog:0,63,907.199999999999,132.20000000000016,204.4000000000002
RU:1,Fog:1,63,907.199999999999,132.20000000000016,204.4000000000002
RU:2,Fog:2,63,907.199999999999,132.20000000000016,204.4000000000002
RU:3,Fog:3,63,907.199999999999,132.20000000000016,204.4000000000002
RU:0,Fog:0,64,921.599999999999,132.20000000000005,204.4000000000001
RU:1,Fog:1,64,921.599999999999,132.20000000000005,204.4000000000001
RU:2,Fog:2,64,921.599999999999,132.20000000000005,204.4000000000001
RU:3,Fog:3,64,921.599999999999,132.20000000000005,204.4000000000001
RU:0,Fog:0,65,935.999999999999,132.19999999999993,204.39999999999998
RU:1,Fog:1,65,935.999999999999,132.19999999999993,204.39999999999998
RU:2,Fog:2,65,935.999999999999,132.19999999999993,204.39999999999998
RU:3,Fog:3,65,935.999999999999,132.19999999999993,204.39999999999998
RU:0,Fog:0,66,950.399999999999,132.20000000000005,204.4000000000001
RU:1,Fog:1,66,950.399999999999,132.20000000000005,204.4000000000001
RU:2,Fog:2,66,950.399999999999,132.20000000000005,204.4000000000001
RU:3,Fog:3,66,950.399999999999,132.20000000000005,204.4000000000001
RU:0,Fog:0,67,964.7999999999989,132.20000000000016,204.4000000000002
RU:1,Fog:1,67,964.7999999999989,132.20000000000016,204.4000000000002
RU:2,Fog:2,67,964.7999999999989,132.20000000000016,204.4000000000002
RU:3,Fog:3,67,964.7999999999989,132.20000000000016,204.4000000000002
RU:0,Fog:0,68,979.1999999999989,132.20000000000005,204.4000000000001
RU:1,Fog:1,68,979.1999999999989,132.20000000000005,204.4000000000001
RU:2,Fog:2,68,979.1999999999989,132.20000000000005,204.4000000000001
RU:3,Fog:3,68,979.1999999999989,132.20000000000005,204.4000000000001
RU:0,Fog:0,69,993.5999999999989,132.19999999999993,204.39999999999998
RU:1,Fog:1,69,993.5999999999989,132.19999999999993,204.39999999999998
RU:2,Fog:2,69,993.5999999999989,132.19999999999993,204.39999999999998
RU:3,Fog:3,69,993.5999999999989,132.19999999999993,204.39999999999998
RU:0,Fog:0,70,1007.9999999999989,132.20000000000005,204.4000000000001
RU:1,Fog:1,70,1007.9999999999989,132.20000000000005,204.4000000000001
RU:2,Fog:2,70,1007.9999999999989,132.20000000000005,204.4000000000001
RU:3,Fog:3,70,1007.9999999999989,132.20000000000005,204.4000000000001
RU:0,Fog:0,71,1022.3999999999988,132.19999999999993,204.39999999999998
RU:1,Fog:1,71,1022.3999999999988,132.19999999999993,204.39999999999998
RU:2,Fog:2,71,1022.3999999999988,132.19999999999993,204.39999999999998
RU:3,Fog:3,71,1022.3999999999988,132.19999999999993,204.39999999999998
RU:0,Fog:0,72,1036.7999999999988,132.20000000000005,204.4000000000001
RU:1,Fog:1,72,1036.7999999999988,132.20000000000005,204.4000000000001
RU:2,Fog:2,72,1036.7999999999988,132.20000000000005,204.4000000000001
RU:3,Fog:3,72,1036.7999999999988,132.20000000000005,204.4000000000001
RU:0,Fog:0,73,1051.199999999999,132.20000000000005,204.4000000000001
RU:1,Fog:1,73,1051.199999999999,132.20000000000005,204.4000000000001
RU:2,Fog:2,73,1051.199999999999,132.20000000000005,204.4000000000001
RU:3,Fog:3,73,1051.199999999999,132.20000000000005,204.4000000000001
RU:0,Fog:0,74,1065.599999999999,132.20000000000005,204.4000000000001
RU:1,Fog:1,74,1065.599999999999,132.20000000000005,204.4000000000001
RU:2,Fog:2,74,1065.599999999999,132.20000000000005,204.4000000000001
RU:3,Fog:3,74,1065.599999999999,132.20000000000005,204.4000000000001
RU:0,Fog:0,75,1079.999999999999,132.20000000000005,204.4000000000001
RU:1,Fog:1,75,1079.999999999999,132.20000000000005,204.4000000000001
RU:2,Fog:2,75,1079.999999999999,132.20000000000005,204.4000000000001
RU:3,Fog:3,75,1079.999999999999,132.20000000000005,204.4000000000001
RU:0,Fog:0,76,1094.3999999999992,132.20000000000005,204.4000000000001
RU:1,Fog:1,76,1094.3999999999992,132.20000000000005,204.4000000000001
RU:2,Fog:2,76,1094.3999999999992,132.20000000000005,204.4000000000001
RU:3,Fog:3,76,1094.3999999999992,132.20000000000005,204.4000000000001
RU:0,Fog:0,77,1108.7999999999993,132.20000000000005,204.4000000000001
RU:1,Fog:1,77,1108.7999999999993,132.20000000000005,204.4000000000001
RU:2,Fog:2,77,1108.7999999999993,132.20000000000005,204.4000000000001
RU:3,Fog:3,77,1108.7999999999993,132.20000000000005,204.4000000000001
RU:0,Fog:0,78,1123.1999999999994,132.20000000000005,204.4000000000001
RU:1,Fog:1,78,1123.1999999999994,132.20000000000005,204.4000000000001
RU:2,Fog:2,78,1123.1999999999994,132.20000000000005,204.4000000000001
RU:3,Fog:3,78,1123.1999999999994,132.20000000000005,204.4000000000001
RU:0,Fog:0,79,1137.5999999999995,132.20000000000005,204.4000000000001
RU:1,Fog:1,79,1137.5999999999995,132.20000000000005,204.4000000000001
RU:2,Fog:2,79,1137.5999999999995,132.20000000000005,204.4000000000001
RU:3,Fog:3,79,1137.5999999999995,132.20000000000005,204.4000000000001
RU:0,Fog:0,80,1151.9999999999995,132.20000000000005,204.4000000000001
RU:1,Fog:1,80,1151.9999999999995,132.20000000000005,204.4000000000001
RU:2,Fog:2,80,1151.9999999999995,132.20000000000005,204.4000000000001
RU:3,Fog:3,80,1151.9999999999995,132.20000000000005,204.4000000000001
RU:0,Fog:0,81,1166.3999999999996,132.20000000000005,204.4000000000001
RU:1,Fog:1,81,1166.3999999999996,132.20000000000005,204.4000000000001
RU:2,Fog:2,81,1166.3999999999996,132.20000000000005,204.4000000000001
RU:3,Fog:3,81,1166.3999999999996,132.20000000000005,204.4000000000001
RU:0,Fog:0,82,1180.7999999999997,132.20000000000005,204.4000000000001
RU:1,Fog:1,82,1180.7999999999997,132.20000000000005,204.4000000000001
RU:2,Fog:2,82,1180.7999999999997,132.20000000000005,204.4000000000001
RU:3,Fog:3,82,1180.7999999999997,132.20000000000005,204.4000000000001
RU:0,Fog:0,83,1195.1999999999998,132.20000000000005,204.4000000000001
RU:1,Fog:1,83,1195.1999999999998,132.20000000000005,204.4000000000001
RU:2,Fog:2,83,1195.1999999999998,132.20000000000005,204.4000000000001
RU:3,Fog:3,83,1195.1999999999998,132.20000000000005,204.4000000000001
RU:0,Fog:0,84,1209.6,132.20000000000005,204.4000000000001
RU:1,Fog:1,84,1209.6,132.20000000000005,204.4000000000001
RU:2,Fog:2,84,1209.6,132.20000000000005,204.4000000000001
RU:3,Fog:3,84,1209.6,132.20000000000005,204.4000000000001
RU:0,Fog:0,85,1224.0,132.20000000000005,204.4000000000001
RU:1,Fog:1,85,1224.0,132.20000000000005,204.4000000000001
RU:2,Fog:2,85,1224.0,132.20000000000005,204.4000000000001
RU:3,Fog:3,85,1224.0,132.20000000000005,204.4000000000001
RU:0,Fog:0,86,1238.4,132.20000000000005,204.4000000000001
RU:1,Fog:1,86,1238.4,132.20000000000005,204.4000000000001
RU:2,Fog:2,86,1238.4,132.20000000000005,204.4000000000001
RU:3,Fog:3,86,1238.4,132.20000000000005,204.4000000000001
RU:0,Fog:0,87,1252.8000000000002,132.20000000000005,204.4000000000001
RU:1,Fog:1,87,1252.8000000000002,132.20000000000005,204.4000000000001
RU:2,Fog:2,87,1252.8000000000002,132.20000000000005,204.4000000000001
RU:3,Fog:3,87,1252.8000000000002,132.20000000000005,204.4000000000001
RU:0,Fog:0,88,1267.2000000000003,132.20000000000005,204.4000000000001
RU:1,Fog:1,88,1267.2000000000003,132.20000000000005,204.4000000000001
RU:2,Fog:2,88,1267.2000000000003,132.20000000000005,204.4000000000001
RU:3,Fog:3,88,1267.2000000000003,132.20000000000005,204.4000000000001
RU:0,Fog:0,89,1281.6000000000004,132.20000000000005,204.4000000000001
RU:1,Fog:1,89,1281.6000000000004,132.20000000000005,204.4000000000001
RU:2,Fog:2,89,1281.6000000000004,132.20000000000005,204.4000000000001
RU:3,Fog:3,89,1281.6000000000004,132.20000000000005,204.4000000000001
RU:0,Fog:0,90,1296.0000000000005,132.20000000000005,204.4000000000001
RU:1,Fog:1,90,1296.0000000000005,132.20000000000005,204.4000000000001
RU:2,Fog:2,90,1296.0000000000005,132.20000000000005,204.4000000000001
RU:3,Fog:3,90,1296.0000000000005,132.20000000000005,204.4000000000001
RU:0,Fog:0,91,1310.4000000000005,132.20000000000005,204.4000000000001
RU:1,Fog:1,91,1310.4000000000005,132.20000000000005,204.4000000000001
RU:2,Fog:2,91,1310.4000000000005,132.20000000000005,204.4000000000001
RU:3,Fog:3,91,1310.4000000000005,132.20000000000005,204.4000000000001
RU:0,Fog:0,92,1324.8000000000006,132.20000000000005,204.4000000000001
RU:1,Fog:1,92,1324.8000000000006,132.20000000000005,204.4000000000001
RU:2,Fog:2,92,1324.8000000000006,132.20000000000005,204.4000000000001
RU:3,Fog:3,92,1324.8000000000006,132.20000000000005,204.4000000000001
RU:0,Fog:0,93,1339.2000000000007,132.20000000000005,204.4000000000001
RU:1,Fog:1,93,1339.2000000000007,132.20000000000005,204.4000000000001
RU:2,Fog:2,93,1339.2000000000007,132.20000000000005,204.4000000000001
RU:3,Fog:3,93,1339.2000000000007,132.20000000000005,204.4000000000001
RU:0,Fog:0,94,1353.6000000000008,132.20000000000005,204.4000000000001
RU:1,Fog:1,94,1353.6000000000008,132.20000000000005,204.4000000000001
RU:2,Fog:2,94,1353.6000000000008,132.20000000000005,204.4000000000001
RU:3,Fog:3,94,1353.6000000000008,132.20000000000005,204.4000000000001
RU:0,Fog:0,95,1368.000000000001,132.20000000000005,204.4000000000001
RU:1,Fog:1,95,1368.000000000001,132.20000000000005,204.4000000000001
RU:2,Fog:2,95,1368.000000000001,132.20000000000005,204.4000000000001
RU:3,Fog:3,95,1368.000000000001,132.20000000000005,204.4000000000001
RU:0,Fog:0,96,1382.400000000001,132.20000000000005,204.4000000000001
RU:1,Fog:1,96,1382.400000000001,132.20000000000005,204.4000000000001
RU:2,Fog:2,96,1382.400000000001,132.20000000000005,204.4000000000001
RU:3,Fog:3,96,1382.400000000001,132.20000000000005,204.4000000000001
RU:0,Fog:0,97,1396.800000000001,132.20000000000005,204.4000000000001
RU:1,Fog:1,97,1396.800000000001,132.20000000000005,204.4000000000001
RU:2,Fog:2,97,1396.800000000001,132.20000000000005,204.4000000000001
RU:3,Fog:3,97,1396.800000000001,132.20000000000005,204.4000000000001
RU:0,Fog:0,98,1411.2000000000012,132.20000000000005,204.4000000000001
RU:1,Fog:1,98,1411.2000000000012,132.20000000000005,204.4000000000001
RU:2,Fog:2,98,1411.2000000000012,132.20000000000005,204.4000000000001
RU:3,Fog:3,98,1411.2000000000012,132.20000000000005,204.4000000000001
RU:0,Fog:0,99,1425.6000000000013,132.20000000000005,204.4000000000001
RU:1,Fog:1,99,1425.6000000000013,132.20000000000005,204.4000000000001
RU:2,Fog:2,99,1425.6000000000013,132.20000000000005,204.4000000000001
RU:3,Fog:3,99,1425.6000000000013,132.20000000000005,204.4000000000001
RU:0,Fog:0,100,1440.0000000000014,132.20000000000005,204.4000000000001
RU:1,Fog:1,100,1440.0000000000014,132.20000000000005,204.4000000000001
RU:2,Fog:2,100,1440.0000000000014,132.20000000000005,204.4000000000001
RU:3,Fog:3,100,1440.0000000000014,132.20000000000005,204.4000000000001
RU:0,Fog:0,101,1454.4000000000015,132.20000000000005,204.4000000000001
RU:1,Fog:1,101,1454.4000000000015,132.20000000000005,204.4000000000001
RU:2,Fog:2,101,1454.4000000000015,132.20000000000005,204.4000000000001
RU:3,Fog:3,101,1454.4000000000015,132.20000000000005,204.4000000000001
RU:0,Fog:0,102,1468.8000000000015,132.20000000000005,204.4000000000001
RU:1,Fog:1,102,1468.8000000000015,132.20000000000005,204.4000000000001
RU:2,Fog:2,102,1468.8000000000015,132.20000000000005,204.4000000000001
RU:3,Fog:3,102,1468.8000000000015,132.20000000000005,204.4000000000001
RU:0,Fog:0,103,1483.2000000000016,132.20000000000005,204.4000000000001
RU:1,Fog:1,103,1483.2000000000016,132.20000000000005,204.4000000000001
RU:2,Fog:2,103,1483.2000000000016,132.20000000000005,204.4000000000001
RU:3,Fog:3,103,1483.2000000000016,132.20000000000005,204.4000000000001
RU:0,Fog:0,104,1497.6000000000017,132.20000000000005,204.4000000000001
RU:1,Fog:1,104,1497.6000000000017,132.20000000000005,204.4000000000001
RU:2,Fog:2,104,1497.6000000000017,132.20000000000005,204.4000000000001
RU:3,Fog:3,104,1497.6000000000017,132.20000000000005,204.4000000000001
RU:0,Fog:0,105,1512.0000000000018,132.20000000000005,204.4000000000001
RU:1,Fog:1,105,1512.0000000000018,132.20000000000005,204.4000000000001
RU:2,Fog:2,105,1512.0000000000018,132.20000000000005,204.4000000000001
RU:3,Fog:3,105,1512.0000000000018,132.20000000000005,204.4000000000001
RU:0,Fog:0,106,1526.400000000002,132.20000000000005,204.4000000000001
RU:1,Fog:1,106,1526.400000000002,132.20000000000005,204.4000000000001
RU:2,Fog:2,106,1526.400000000002,132.20000000000005,204.4000000000001
RU:3,Fog:3,106,1526.400000000002,132.20000000000005,204.4000000000001
RU:0,Fog:0,107,1540.800000000002,132.20000000000005,204.4000000000001
RU:1,Fog:1,107,1540.800000000002,132.20000000000005,204.4000000000001
RU:2,Fog:2,107,1540.800000000002,132.20000000000005,204.4000000000001
RU:3,Fog:3,107,1540.800000000002,132.20000000000005,204.4000000000001
RU:0,Fog:0,108,1555.200000000002,132.20000000000005,204.4000000000001
RU:1,Fog:1,108,1555.200000000002,132.20000000000005,204.4000000000001
RU:2,Fog:2,108,1555.200000000002,132.20000000000005,204.4000000000001
RU:3,Fog:3,108,1555.200000000002,132.20000000000005,204.4000000000001
RU:0,Fog:0,109,1569.6000000000022,132.20000000000005,204.4000000000001
RU:1,Fog:1,109,1569.6000000000022,132.20000000000005,204.4000000000001
RU:2,Fog:2,109,1569.6000000000022,132.20000000000005,204.4000000000001
RU:3,Fog:3,109,1569.6000000000022,132.20000000000005,204.4000000000001
RU:0,Fog:0,110,1584.0000000000023,132.20000000000005,204.4000000000001
RU:1,Fog:1,110,1584.0000000000023,132.20000000000005,204.4000000000001
RU:2,Fog:2,110,1584.0000000000023,132.20000000000005,204.4000000000001
RU:3,Fog:3,110,1584.0000000000023,132.20000000000005,204.4000000000001
RU:0,Fog:0,111,1598.4000000000024,132.20000000000005,204.4000000000001
RU:1,Fog:1,111,1598.4000000000024,132.20000000000005,204.4000000000001
RU:2,Fog:2,111,1598.4000000000024,132.20000000000005,204.4000000000001
RU:3,Fog:3,111,1598.4000000000024,132.20000000000005,204.4000000000001
RU:0,Fog:0,112,1612.8000000000025,132.20000000000005,204.4000000000001
RU:1,Fog:1,112,1612.8000000000025,132.20000000000005,204.4000000000001
RU:2,Fog:2,112,1612.8000000000025,132.20000000000005,204.4000000000001
RU:3,Fog:3,112,1612.8000000000025,132.20000000000005,204.4000000000001
RU:0,Fog:0,113,1627.2000000000025,132.20000000000005,204.4000000000001
RU:1,Fog:1,113,1627.2000000000025,132.20000000000005,204.4000000000001
RU:2,Fog:2,113,1627.2000000000025,132.20000000000005,204.4000000000001
RU:3,Fog:3,113,1627.2000000000025,132.20000000000005,204.4000000000001
RU:0,Fog:0,114,1641.6000000000026,132.20000000000005,204.4000000000001
RU:1,Fog:1,114,1641.6000000000026,132.20000000000005,204.4000000000001
RU:2,Fog:2,114,1641.6000000000026,132.20000000000005,204.4000000000001
RU:3,Fog:3,114,1641.6000000000026,132.20000000000005,204.4000000000001
RU:0,Fog:0,115,1656.0000000000027,132.20000000000005,204.4000000000001
RU:1,Fog:1,115,1656.0000000000027,132.20000000000005,204.4000000000001
RU:2,Fog:2,115,1656.0000000000027,132.20000000000005,204.4000000000001
RU:3,Fog:3,115,1656.0000000000027,132.20000000000005,204.4000000000001
RU:0,Fog:0,116,1670.4000000000028,132.20000000000005,204.4000000000001
RU:1,Fog:1,116,1670.4000000000028,132.20000000000005,204.4000000000001
RU:2,Fog:2,116,1670.4000000000028,132.20000000000005,204.4000000000001
RU:3,Fog:3,116,1670.4000000000028,132.20000000000005,204.4000000000001
RU:0,Fog:0,117,1684.800000000003,132.20000000000005,204.4000000000001
RU:1,Fog:1,117,1684.800000000003,132.20000000000005,204.4000000000001
RU:2,Fog:2,117,1684.800000000003,132.20000000000005,204.4000000000001
RU:3,Fog:3,117,1684.800000000003,132.20000000000005,204.4000000000001
RU:0,Fog:0,118,1699.200000000003,132.20000000000005,204.4000000000001
RU:1,Fog:1,118,1699.200000000003,132.20000000000005,204.4000000000001
RU:2,Fog:2,118,1699.200000000003,132.20000000000005,204.4000000000001
RU:3,Fog:3,118,1699.200000000003,132.20000000000005,204.4000000000001
RU:0,Fog:0,119,1713.600000000003,132.20000000000005,204.4000000000001
RU:1,Fog:1,119,1713.600000000003,132.20000000000005,204.4000000000001
RU:2,Fog:2,119,1713.600000000003,132.20000000000005,204.4000000000001
RU:3,Fog:3,119,1713.600000000003,132.20000000000005,204.4000000000001
RU:0,Fog:0,120,1728.0000000000032,132.20000000000005,204.4000000000001
RU:1,Fog:1,120,1728.0000000000032,132.20000000000005,204.4000000000001
RU:2,Fog:2,120,1728.0000000000032,132.20000000000005,204.4000000000001
RU:3,Fog:3,120,1728.0000000000032,132.20000000000005,204.4000000000001
RU:0,Fog:0,121,1742.4000000000033,132.20000000000005,204.4000000000001
RU:1,Fog:1,121,1742.4000000000033,132.20000000000005,204.4000000000001
RU:2,Fog:2,121,1742.4000000000033,132.20000000000005,204.4000000000001
RU:3,Fog:3,121,1742.4000000000033,132.20000000000005,204.4000000000001
RU:0,Fog:0,122,1756.8000000000034,132.20000000000005,204.4000000000001
RU:1,Fog:1,122,1756.8000000000034,132.20000000000005,204.4000000000001
RU:2,Fog:2,122,1756.8000000000034,132.20000000000005,204.4000000000001
RU:3,Fog:3,122,1756.8000000000034,132.20000000000005,204.4000000000001
RU:0,Fog:0,123,1771.2000000000035,132.20000000000005,204.4000000000001
RU:1,Fog:1,123,1771.2000000000035,132.20000000000005,204.4000000000001
RU:2,Fog:2,123,1771.2000000000035,132.20000000000005,204.4000000000001
RU:3,Fog:3,123,1771.2000000000035,132.20000000000005,204.4000000000001
RU:0,Fog:0,124,1785.6000000000035,132.20000000000005,204.4000000000001
RU:1,Fog:1,124,1785.6000000000035,132.20000000000005,204.4000000000001
RU:2,Fog:2,124,1785.6000000000035,132.20000000000005,204.4000000000001
RU:3,Fog:3,124,1785.6000000000035,132.20000000000005,204.4000000000001
RU:0,Fog:0,125,1800.0000000000036,132.20000000000005,204.4000000000001
RU:1,Fog:1,125,1800.0000000000036,132.20000000000005,204.4000000000001
RU:2,Fog:2,125,1800.0000000000036,132.20000000000005,204.4000000000001
RU:3,Fog:3,125,1800.0000000000036,132.20000000000005,204.4000000000001
RU:0,Fog:0,126,1814.4000000000037,132.20000000000005,204.4000000000001
RU:1,Fog:1,126,1814.4000000000037,132.20000000000005,204.4000000000001
RU:2,Fog:2,126,1814.4000000000037,132.20000000000005,204.4000000000001
RU:3,Fog:3,126,1814.4000000000037,132.20000000000005,204.4000000000001
RU:0,Fog:0,127,1828.8000000000038,132.20000000000005,204.4000000000001
RU:1,Fog:1,127,1828.8000000000038,132.20000000000005,204.4000000000001
RU:2,Fog:2,127,1828.8000000000038,132.20000000000005,204.4000000000001
RU:3,Fog:3,127,1828.8000000000038,132.20000000000005,204.4000000000001
RU:0,Fog:0,128,1843.200000000004,132.20000000000005,204.4000000000001
RU:1,Fog:1,128,1843.200000000004,132.20000000000005,204.4000000000001
RU:2,Fog:2,128,1843.200000000004,132.20000000000005,204.4000000000001
RU:3,Fog:3,128,1843.200000000004,132.20000000000005,204.4000000000001
RU:0,Fog:0,129,1857.600000000004,132.20000000000005,204.4000000000001
RU:1,Fog:1,129,1857.600000000004,132.20000000000005,204.4000000000001
RU:2,Fog:2,129,1857.600000000004,132.20000000000005,204.4000000000001
RU:3,Fog:3,129,1857.600000000004,132.20000000000005,204.4000000000001
RU:0,Fog:0,130,1872.000000000004,132.20000000000005,204.4000000000001
RU:1,Fog:1,130,1872.000000000004,132.20000000000005,204.4000000000001
RU:2,Fog:2,130,1872.000000000004,132.20000000000005,204.4000000000001
RU:3,Fog:3,130,1872.000000000004,132.20000000000005,204.4000000000001
RU:0,Fog:0,131,1886.4000000000042,132.20000000000005,204.4000000000001
RU:1,Fog:1,131,1886.4000000000042,132.20000000000005,204.4000000000001
RU:2,Fog:2,131,1886.4000000000042,132.20000000000005,204.4000000000001
RU:3,Fog:3,131,1886.4000000000042,132.20000000000005,204.4000000000001
RU:0,Fog:0,132,1900.8000000000043,132.20000000000005,204.4000000000001
RU:1,Fog:1,132,1900.8000000000043,132.20000000000005,204.4000000000001
RU:2,Fog:2,132,1900.8000000000043,132.20000000000005,204.4000000000001
RU:3,Fog:3,132,1900.8000000000043,132.20000000000005,204.4000000000001
RU:0,Fog:0,133,1915.2000000000044,132.20000000000005,204.4000000000001
RU:1,Fog:1,133,1915.2000000000044,132.20000000000005,204.4000000000001
RU:2,Fog:2,133,1915.2000000000044,132.20000000000005,204.4000000000001
RU:3,Fog:3,133,1915.2000000000044,132.20000000000005,204.4000000000001
RU:0,Fog:0,134,1929.6000000000045,132.20000000000027,204.4000000000001
RU:1,Fog:1,134,1929.6000000000045,132.20000000000027,204.4000000000001
RU:2,Fog:2,134,1929.6000000000045,132.20000000000027,204.4000000000001
RU:3,Fog:3,134,1929.6000000000045,132.20000000000027,204.4000000000001
RU:0,Fog:0,135,1944.0000000000045,132.19999999999982,204.39999999999964
RU:1,Fog:1,135,1944.0000000000045,132.19999999999982,204.39999999999964
RU:2,Fog:2,135,1944.0000000000045,132.19999999999982,204.39999999999964
RU:3,Fog:3,135,1944.0000000000045,132.19999999999982,204.39999999999964
RU:0,Fog:0,136,1958.4000000000046,132.20000000000027,204.4000000000001
RU:1,Fog:1,136,1958.4000000000046,132.20000000000027,204.4000000000001
RU:2,Fog:2,136,1958.4000000000046,132.20000000000027,204.4000000000001
RU:3,Fog:3,136,1958.4000000000046,132.20000000000027,204.4000000000001
RU:0,Fog:0,137,1972.8000000000047,132.19999999999982,204.39999999999964
RU:1,Fog:1,137,1972.8000000000047,132.19999999999982,204.39999999999964
RU:2,Fog:2,137,1972.8000000000047,132.19999999999982,204.39999999999964
RU:3,Fog:3,137,1972.8000000000047,132.19999999999982,204.39999999999964
RU:0,Fog:0,138,1987.2000000000048,132.20000000000027,204.4000000000001
RU:1,Fog:1,138,1987.2000000000048,132.20000000000027,204.4000000000001
RU:2,Fog:2,138,1987.2000000000048,132.20000000000027,204.4000000000001
RU:3,Fog:3,138,1987.2000000000048,132.20000000000027,204.4000000000001
RU:0,Fog:0,139,2001.600000000005,132.19999999999982,204.39999999999964
RU:1,Fog:1,139,2001.600000000005,132.19999999999982,204.39999999999964
RU:2,Fog:2,139,2001.600000000005,132.19999999999982,204.39999999999964
RU:3,Fog:3,139,2001.600000000005,132.19999999999982,204.39999999999964
RU:0,Fog:0,140,2016.000000000005,132.20000000000027,204.4000000000001
RU:1,Fog:1,140,2016.000000000005,132.20000000000027,204.4000000000001
RU:2,Fog:2,140,2016.000000000005,132.20000000000027,204.4000000000001
RU:3,Fog:3,140,2016.000000000005,132.20000000000027,204.4000000000001
RU:0,Fog:0,141,2030.400000000005,132.19999999999982,204.39999999999964
RU:1,Fog:1,141,2030.400000000005,132.19999999999982,204.39999999999964
RU:2,Fog:2,141,2030.400000000005,132.19999999999982,204.39999999999964
RU:3,Fog:3,141,2030.400000000005,132.19999999999982,204.39999999999964
RU:0,Fog:0,142,2044.8000000000052,132.19999999999982,204.39999999999964
RU:1,Fog:1,142,2044.8000000000052,132.19999999999982,204.39999999999964
RU:2,Fog:2,142,2044.8000000000052,132.19999999999982,204.39999999999964
RU:3,Fog:3,142,2044.8000000000052,132.19999999999982,204.39999999999964
RU:0,Fog:0,143,2059.2000000000053,132.19999999999982,204.39999999999964
RU:1,Fog:1,143,2059.2000000000053,132.19999999999982,204.39999999999964
RU:2,Fog:2,143,2059.2000000000053,132.19999999999982,204.39999999999964
RU:3,Fog:3,143,2059.2000000000053,132.19999999999982,204.39999999999964
RU:0,Fog:0,144,2073.6000000000054,132.19999999999982,204.39999999999964
RU:1,Fog:1,144,2073.6000000000054,132.19999999999982,204.39999999999964
RU:2,Fog:2,144,2073.6000000000054,132.19999999999982,204.39999999999964
RU:3,Fog:3,144,2073.6000000000054,132.19999999999982,204.39999999999964
RU:0,Fog:0,145,2088.0000000000055,132.19999999999982,204.39999999999964
RU:1,Fog:1,145,2088.0000000000055,132.19999999999982,204.39999999999964
RU:2,Fog:2,145,2088.0000000000055,132.19999999999982,204.39999999999964
RU:3,Fog:3,145,2088.0000000000055,132.19999999999982,204.39999999999964
RU:0,Fog:0,146,2102.4000000000055,132.19999999999982,204.39999999999964
RU:1,Fog:1,146,2102.4000000000055,132.19999999999982,204.39999999999964
RU:2,Fog:2,146,2102.4000000000055,132.19999999999982,204.39999999999964
RU:3,Fog:3,146,2102.4000000000055,132.19999999999982,204.39999999999964
RU:0,Fog:0,147,2116.8000000000056,132.19999999999982,204.39999999999964
RU:1,Fog:1,147,2116.8000000000056,132.19999999999982,204.39999999999964
RU:2,Fog:2,147,2116.8000000000056,132.19999999999982,204.39999999999964
RU:3,Fog:3,147,2116.8000000000056,132.19999999999982,204.39999999999964
RU:0,Fog:0,148,2131.2000000000057,132.19999999999982,204.39999999999964
RU:1,Fog:1,148,2131.2000000000057,132.19999999999982,204.39999999999964
RU:2,Fog:2,148,2131.2000000000057,132.19999999999982,204.39999999999964
RU:3,Fog:3,148,2131.2000000000057,132.19999999999982,204.39999999999964
RU:0,Fog:0,149,2145.600000000006,132.19999999999982,204.39999999999964
RU:1,Fog:1,149,2145.600000000006,132.19999999999982,204.39999999999964
RU:2,Fog:2,149,2145.600000000006,132.19999999999982,204.39999999999964
RU:3,Fog:3,149,2145.600000000006,132.19999999999982,204.39999999999964
RU:0,Fog:0,150,2160.000000000006,132.19999999999982,204.39999999999964
RU:1,Fog:1,150,2160.000000000006,132.19999999999982,204.39999999999964
RU:2,Fog:2,150,2160.000000000006,132.19999999999982,204.39999999999964
RU:3,Fog:3,150,2160.000000000006,132.19999999999982,204.39999999999964
RU:0,Fog:0,151,2174.400000000006,132.19999999999982,204.39999999999964
RU:1,Fog:1,151,2174.400000000006,132.19999999999982,204.39999999999964
RU:2,Fog:2,151,2174.400000000006,132.19999999999982,204.39999999999964
RU:3,Fog:3,151,2174.400000000006,132.19999999999982,204.39999999999964
RU:0,Fog:0,152,2188.800000000006,132.19999999999982,204.39999999999964
RU:1,Fog:1,152,2188.800000000006,132.19999999999982,204.39999999999964
RU:2,Fog:2,152,2188.800000000006,132.19999999999982,204.39999999999964
RU:3,Fog:3,152,2188.800000000006,132.19999999999982,204.39999999999964
RU:0,Fog:0,153,2203.200000000006,132.19999999999982,204.39999999999964
RU:1,Fog:1,153,2203.200000000006,132.19999999999982,204.39999999999964
RU:2,Fog:2,153,2203.200000000006,132.19999999999982,204.39999999999964
RU:3,Fog:3,153,2203.200000000006,132.19999999999982,204.39999999999964
RU:0,Fog:0,154,2217.6000000000063,132.19999999999982,204.39999999999964
RU:1,Fog:1,154,2217.6000000000063,132.19999999999982,204.39999999999964
RU:2,Fog:2,154,2217.6000000000063,132.19999999999982,204.39999999999964
RU:3,Fog:3,154,2217.6000000000063,132.19999999999982,204.39999999999964
RU:0,Fog:0,155,2232.0000000000064,132.19999999999982,204.39999999999964
RU:1,Fog:1,155,2232.0000000000064,132.19999999999982,204.39999999999964
RU:2,Fog:2,155,2232.0000000000064,132.19999999999982,204.39999999999964
RU:3,Fog:3,155,2232.0000000000064,132.19999999999982,204.39999999999964
RU:0,Fog:0,156,2246.4000000000065,132.19999999999982,204.39999999999964
RU:1,Fog:1,156,2246.4000000000065,132.19999999999982,204.39999999999964
RU:2,Fog:2,156,2246.4000000000065,132.19999999999982,204.39999999999964
RU:3,Fog:3,156,2246.4000000000065,132.19999999999982,204.39999999999964
RU:0,Fog:0,157,2260.8000000000065,132.19999999999982,204.39999999999964
RU:1,Fog:1,157,2260.8000000000065,132.19999999999982,204.39999999999964
RU:2,Fog:2,157,2260.8000000000065,132.19999999999982,204.39999999999964
RU:3,Fog:3,157,2260.8000000000065,132.19999999999982,204.39999999999964
RU:0,Fog:0,158,2275.2000000000066,132.19999999999982,204.39999999999964
RU:1,Fog:1,158,2275.2000000000066,132.19999999999982,204.39999999999964
RU:2,Fog:2,158,2275.2000000000066,132.19999999999982,204.39999999999964
RU:3,Fog:3,158,2275.2000000000066,132.19999999999982,204.39999999999964
RU:0,Fog:0,159,2289.6000000000067,132.19999999999982,204.39999999999964
RU:1,Fog:1,159,2289.6000000000067,132.19999999999982,204.39999999999964
RU:2,Fog:2,159,2289.6000000000067,132.19999999999982,204.39999999999964
RU:3,Fog:3,159,2289.6000000000067,132.19999999999982,204.39999999999964
RU:0,Fog:0,160,2304.000000000007,132.19999999999982,204.39999999999964
RU:1,Fog:1,160,2304.000000000007,132.19999999999982,204.39999999999964
RU:2,Fog:2,160,2304.000000000007,132.19999999999982,204.39999999999964
RU:3,Fog:3,160,2304.000000000007,132.19999999999982,204.39999999999964
RU:0,Fog:0,161,2318.400000000007,132.19999999999982,204.39999999999964
RU:1,Fog:1,161,2318.400000000007,132.19999999999982,204.39999999999964
RU:2,Fog:2,161,2318.400000000007,132.19999999999982,204.39999999999964
RU:3,Fog:3,161,2318.400000000007,132.19999999999982,204.39999999999964
RU:0,Fog:0,162,2332.800000000007,132.19999999999982,204.39999999999964
RU:1,Fog:1,162,2332.800000000007,132.19999999999982,204.39999999999964
RU:2,Fog:2,162,2332.800000000007,132.19999999999982,204.39999999999964
RU:3,Fog:3,162,2332.800000000007,132.19999999999982,204.39999999999964
RU:0,Fog:0,163,2347.200000000007,132.19999999999982,204.39999999999964
RU:1,Fog:1,163,2347.200000000007,132.19999999999982,204.39999999999964
RU:2,Fog:2,163,2347.200000000007,132.19999999999982,204.39999999999964
RU:3,Fog:3,163,2347.200000000007,132.19999999999982,204.39999999999964
RU:0,Fog:0,164,2361.600000000007,132.19999999999982,204.39999999999964
RU:1,Fog:1,164,2361.600000000007,132.19999999999982,204.39999999999964
RU:2,Fog:2,164,2361.600000000007,132.19999999999982,204.39999999999964
RU:3,Fog:3,164,2361.600000000007,132.19999999999982,204.39999999999964
RU:0,Fog:0,165,2376.0000000000073,132.19999999999982,204.39999999999964
RU:1,Fog:1,165,2376.0000000000073,132.19999999999982,204.39999999999964
RU:2,Fog:2,165,2376.0000000000073,132.19999999999982,204.39999999999964
RU:3,Fog:3,165,2376.0000000000073,132.19999999999982,204.39999999999964
RU:0,Fog:0,166,2390.4000000000074,132.19999999999982,204.39999999999964
RU:1,Fog:1,166,2390.4000000000074,132.19999999999982,204.39999999999964
RU:2,Fog:2,166,2390.4000000000074,132.19999999999982,204.39999999999964
RU:3,Fog:3,166,2390.4000000000074,132.19999999999982,204.39999999999964
RU:0,Fog:0,167,2404.8000000000075,132.19999999999982,204.39999999999964
RU:1,Fog:1,167,2404.8000000000075,132.19999999999982,204.39999999999964
RU:2,Fog:2,167,2404.8000000000075,132.19999999999982,204.39999999999964
RU:3,Fog:3,167,2404.8000000000075,132.19999999999982,204.39999999999964
RU:0,Fog:0,168,2419.2000000000075,132.19999999999982,204.39999999999964
RU:1,Fog:1,168,2419.2000000000075,132.19999999999982,204.39999999999964
RU:2,Fog:2,168,2419.2000000000075,132.19999999999982,204.39999999999964
RU:3,Fog:3,168,2419.2000000000075,132.19999999999982,204.39999999999964
RU:0,Fog:0,169,2433.6000000000076,132.19999999999982,204.39999999999964
RU:1,Fog:1,169,2433.6000000000076,132.19999999999982,204.39999999999964
RU:2,Fog:2,169,2433.6000000000076,132.19999999999982,204.39999999999964
RU:3,Fog:3,169,2433.6000000000076,132.19999999999982,204.39999999999964
RU:0,Fog:0,170,2448.0000000000077,132.19999999999982,204.39999999999964
RU:1,Fog:1,170,2448.0000000000077,132.19999999999982,204.39999999999964
RU:2,Fog:2,170,2448.0000000000077,132.19999999999982,204.39999999999964
RU:3,Fog:3,170,2448.0000000000077,132.19999999999982,204.39999999999964
RU:0,Fog:0,171,2462.400000000008,132.19999999999982,204.39999999999964
RU:1,Fog:1,171,2462.400000000008,132.19999999999982,204.39999999999964
RU:2,Fog:2,171,2462.400000000008,132.19999999999982,204.39999999999964
RU:3,Fog:3,171,2462.400000000008,132.19999999999982,204.39999999999964
RU:0,Fog:0,172,2476.800000000008,132.19999999999982,204.39999999999964
RU:1,Fog:1,172,2476.800000000008,132.19999999999982,204.39999999999964
RU:2,Fog:2,172,2476.800000000008,132.19999999999982,204.39999999999964
RU:3,Fog:3,172,2476.800000000008,132.19999999999982,204.39999999999964
RU:0,Fog:0,173,2491.200000000008,132.19999999999982,204.39999999999964
RU:1,Fog:1,173,2491.200000000008,132.19999999999982,204.39999999999964
RU:2,Fog:2,173,2491.200000000008,132.19999999999982,204.39999999999964
RU:3,Fog:3,173,2491.200000000008,132.19999999999982,204.39999999999964
RU:0,Fog:0,174,2505.600000000008,132.19999999999982,204.39999999999964
RU:1,Fog:1,174,2505.600000000008,132.19999999999982,204.39999999999964
RU:2,Fog:2,174,2505.600000000008,132.19999999999982,204.39999999999964
RU:3,Fog:3,174,2505.600000000008,132.19999999999982,204.39999999999964
RU:0,Fog:0,175,2520.000000000008,132.19999999999982,204.39999999999964
RU:1,Fog:1,175,2520.000000000008,132.19999999999982,204.39999999999964
RU:2,Fog:2,175,2520.000000000008,132.19999999999982,204.39999999999964
RU:3,Fog:3,175,2520.000000000008,132.19999999999982,204.39999999999964
RU:0,Fog:0,176,2534.4000000000083,132.19999999999982,204.39999999999964
RU:1,Fog:1,176,2534.4000000000083,132.19999999999982,204.39999999999964
RU:2,Fog:2,176,2534.4000000000083,132.19999999999982,204.39999999999964
RU:3,Fog:3,176,2534.4000000000083,132.19999999999982,204.39999999999964
RU:0,Fog:0,177,2548.8000000000084,132.19999999999982,204.39999999999964
RU:1,Fog:1,177,2548.8000000000084,132.19999999999982,204.39999999999964
RU:2,Fog:2,177,2548.8000000000084,132.19999999999982,204.39999999999964
RU:3,Fog:3,177,2548.8000000000084,132.19999999999982,204.39999999999964
RU:0,Fog:0,178,2563.2000000000085,132.19999999999982,204.39999999999964
RU:1,Fog:1,178,2563.2000000000085,132.19999999999982,204.39999999999964
RU:2,Fog:2,178,2563.2000000000085,132.19999999999982,204.39999999999964
RU:3,Fog:3,178,2563.2000000000085,132.19999999999982,204.39999999999964
RU:0,Fog:0,179,2577.6000000000085,132.19999999999982,204.39999999999964
RU:1,Fog:1,179,2577.6000000000085,132.19999999999982,204.39999999999964
RU:2,Fog:2,179,2577.6000000000085,132.19999999999982,204.39999999999964
RU:3,Fog:3,179,2577.6000000000085,132.19999999999982,204.39999999999964
RU:0,Fog:0,180,2592.0000000000086,132.19999999999982,204.39999999999964
RU:1,Fog:1,180,2592.0000000000086,132.19999999999982,204.39999999999964
RU:2,Fog:2,180,2592.0000000000086,132.19999999999982,204.39999999999964
RU:3,Fog:3,180,2592.0000000000086,132.19999999999982,204.39999999999964
RU:0,Fog:0,181,2606.4000000000087,132.19999999999982,204.39999999999964
RU:1,Fog:1,181,2606.4000000000087,132.19999999999982,204.39999999999964
RU:2,Fog:2,181,2606.4000000000087,132.19999999999982,204.39999999999964
RU:3,Fog:3,181,2606.4000000000087,132.19999999999982,204.39999999999964
RU:0,Fog:0,182,2620.800000000009,132.19999999999982,204.39999999999964
RU:1,Fog:1,182,2620.800000000009,132.19999999999982,204.39999999999964
RU:2,Fog:2,182,2620.800000000009,132.19999999999982,204.39999999999964
RU:3,Fog:3,182,2620.800000000009,132.19999999999982,204.39999999999964
RU:0,Fog:0,183,2635.200000000009,132.19999999999982,204.39999999999964
RU:1,Fog:1,183,2635.200000000009,132.19999999999982,204.39999999999964
RU:2,Fog:2,183,2635.200000000009,132.19999999999982,204.39999999999964
RU:3,Fog:3,183,2635.200000000009,132.19999999999982,204.39999999999964
RU:0,Fog:0,184,2649.600000000009,132.19999999999982,204.39999999999964
RU:1,Fog:1,184,2649.600000000009,132.19999999999982,204.39999999999964
RU:2,Fog:2,184,2649.600000000009,132.19999999999982,204.39999999999964
RU:3,Fog:3,184,2649.600000000009,132.19999999999982,204.39999999999964
RU:0,Fog:0,185,2664.000000000009,132.19999999999982,204.39999999999964
RU:1,Fog:1,185,2664.000000000009,132.19999999999982,204.39999999999964
RU:2,Fog:2,185,2664.000000000009,132.19999999999982,204.39999999999964
RU:3,Fog:3,185,2664.000000000009,132.19999999999982,204.39999999999964
RU:0,Fog:0,186,2678.400000000009,132.19999999999982,204.39999999999964
RU:1,Fog:1,186,2678.400000000009,132.19999999999982,204.39999999999964
RU:2,Fog:2,186,2678.400000000009,132.19999999999982,204.39999999999964
RU:3,Fog:3,186,2678.400000000009,132.19999999999982,204.39999999999964
RU:0,Fog:0,187,2692.8000000000093,132.19999999999982,204.39999999999964
RU:1,Fog:1,187,2692.8000000000093,132.19999999999982,204.39999999999964
RU:2,Fog:2,187,2692.8000000000093,132.19999999999982,204.39999999999964
RU:3,Fog:3,187,2692.8000000000093,132.19999999999982,204.39999999999964
RU:0,Fog:0,188,2707.2000000000094,132.19999999999982,204.39999999999964
RU:1,Fog:1,188,2707.2000000000094,132.19999999999982,204.39999999999964
RU:2,Fog:2,188,2707.2000000000094,132.19999999999982,204.39999999999964
RU:3,Fog:3,188,2707.2000000000094,132.19999999999982,204.39999999999964
RU:0,Fog:0,189,2721.6000000000095,132.19999999999982,204.39999999999964
RU:1,Fog:1,189,2721.6000000000095,132.19999999999982,204.39999999999964
RU:2,Fog:2,189,2721.6000000000095,132.19999999999982,204.39999999999964
RU:3,Fog:3,189,2721.6000000000095,132.19999999999982,204.39999999999964
RU:0,Fog:0,190,2736.0000000000095,132.19999999999982,204.39999999999964
RU:1,Fog:1,190,2736.0000000000095,132.19999999999982,204.39999999999964
RU:2,Fog:2,190,2736.0000000000095,132.19999999999982,204.39999999999964
RU:3,Fog:3,190,2736.0000000000095,132.19999999999982,204.39999999999964
RU:0,Fog:0,191,2750.4000000000096,132.19999999999982,204.39999999999964
RU:1,Fog:1,191,2750.4000000000096,132.19999999999982,204.39999999999964
RU:2,Fog:2,191,2750.4000000000096,132.19999999999982,204.39999999999964
RU:3,Fog:3,191,2750.4000000000096,132.19999999999982,204.39999999999964
RU:0,Fog:0,192,2764.8000000000097,132.19999999999982,204.39999999999964
RU:1,Fog:1,192,2764.8000000000097,132.19999999999982,204.39999999999964
RU:2,Fog:2,192,2764.8000000000097,132.19999999999982,204.39999999999964
RU:3,Fog:3,192,2764.8000000000097,132.19999999999982,204.39999999999964
RU:0,Fog:0,193,2779.20000000001,132.19999999999982,204.39999999999964
RU:1,Fog:1,193,2779.20000000001,132.19999999999982,204.39999999999964
RU:2,Fog:2,193,2779.20000000001,132.19999999999982,204.39999999999964
RU:3,Fog:3,193,2779.20000000001,132.19999999999982,204.39999999999964
RU:0,Fog:0,194,2793.60000000001,132.19999999999982,204.39999999999964
RU:1,Fog:1,194,2793.60000000001,132.19999999999982,204.39999999999964
RU:2,Fog:2,194,2793.60000000001,132.19999999999982,204.39999999999964
RU:3,Fog:3,194,2793.60000000001,132.19999999999982,204.39999999999964
RU:0,Fog:0,195,2808.00000000001,132.19999999999982,204.39999999999964
RU:1,Fog:1,195,2808.00000000001,132.19999999999982,204.39999999999964
RU:2,Fog:2,195,2808.00000000001,132.19999999999982,204.39999999999964
RU:3,Fog:3,195,2808.00000000001,132.19999999999982,204.39999999999964
RU:0,Fog:0,196,2822.40000000001,132.19999999999982,204.39999999999964
RU:1,Fog:1,196,2822.40000000001,132.19999999999982,204.39999999999964
RU:2,Fog:2,196,2822.40000000001,132.19999999999982,204.39999999999964
RU:3,Fog:3,196,2822.40000000001,132.19999999999982,204.39999999999964
RU:0,Fog:0,197,2836.80000000001,132.19999999999982,204.39999999999964
RU:1,Fog:1,197,2836.80000000001,132.19999999999982,204.39999999999964
RU:2,Fog:2,197,2836.80000000001,132.19999999999982,204.39999999999964
RU:3,Fog:3,197,2836.80000000001,132.19999999999982,204.39999999999964
RU:0,Fog:0,198,2851.2000000000103,132.19999999999982,204.39999999999964
RU:1,Fog:1,198,2851.2000000000103,132.19999999999982,204.39999999999964
RU:2,Fog:2,198,2851.2000000000103,132.19999999999982,204.39999999999964
RU:3,Fog:3,198,2851.2000000000103,132.19999999999982,204.39999999999964
RU:0,Fog:0,199,2865.6000000000104,132.19999999999982,204.39999999999964
RU:1,Fog:1,199,2865.6000000000104,132.19999999999982,204.39999999999964
RU:2,Fog:2,199,2865.6000000000104,132.19999999999982,204.39999999999964
RU:3,Fog:3,199,2865.6000000000104,132.19999999999982,204.39999999999964
RU:0,Fog:0,200,2880.0000000000105,132.19999999999982,204.39999999999964
RU:1,Fog:1,200,2880.0000000000105,132.19999999999982,204.39999999999964
RU:2,Fog:2,200,2880.0000000000105,132.19999999999982,204.39999999999964
RU:3,Fog:3,200,2880.0000000000105,132.19999999999982,204.39999999999964
RU:0,Fog:0,201,2894.4000000000106,132.19999999999982,204.39999999999964
RU:1,Fog:1,201,2894.4000000000106,132.19999999999982,204.39999999999964
RU:2,Fog:2,201,2894.4000000000106,132.19999999999982,204.39999999999964
RU:3,Fog:3,201,2894.4000000000106,132.19999999999982,204.39999999999964
RU:0,Fog:0,202,2908.8000000000106,132.19999999999982,204.39999999999964
RU:1,Fog:1,202,2908.8000000000106,132.19999999999982,204.39999999999964
RU:2,Fog:2,202,2908.8000000000106,132.19999999999982,204.39999999999964
RU:3,Fog:3,202,2908.8000000000106,132.19999999999982,204.39999999999964
RU:0,Fog:0,203,2923.2000000000107,132.19999999999982,204.39999999999964
RU:1,Fog:1,203,2923.2000000000107,132.19999999999982,204.39999999999964
RU:2,Fog:2,203,2923.2000000000107,132.19999999999982,204.39999999999964
RU:3,Fog:3,203,2923.2000000000107,132.19999999999982,204.39999999999964
RU:0,Fog:0,204,2937.600000000011,132.19999999999982,204.39999999999964
RU:1,Fog:1,204,2937.600000000011,132.19999999999982,204.39999999999964
RU:2,Fog:2,204,2937.600000000011,132.19999999999982,204.39999999999964
RU:3,Fog:3,204,2937.600000000011,132.19999999999982,204.39999999999964
RU:0,Fog:0,205,2952.000000000011,132.19999999999982,204.39999999999964
RU:1,Fog:1,205,2952.000000000011,132.19999999999982,204.39999999999964
RU:2,Fog:2,205,2952.000000000011,132.19999999999982,204.39999999999964
RU:3,Fog:3,205,2952.000000000011,132.19999999999982,204.39999999999964
RU:0,Fog:0,206,2966.400000000011,132.19999999999982,204.39999999999964
RU:1,Fog:1,206,2966.400000000011,132.19999999999982,204.39999999999964
RU:2,Fog:2,206,2966.400000000011,132.19999999999982,204.39999999999964
RU:3,Fog:3,206,2966.400000000011,132.19999999999982,204.39999999999964
RU:0,Fog:0,207,2980.800000000011,132.19999999999982,204.39999999999964
RU:1,Fog:1,207,2980.800000000011,132.19999999999982,204.39999999999964
RU:2,Fog:2,207,2980.800000000011,132.19999999999982,204.39999999999964
RU:3,Fog:3,207,2980.800000000011,132.19999999999982,204.39999999999964
RU:0,Fog:0,208,2995.200000000011,132.19999999999982,204.39999999999964
RU:1,Fog:1,208,2995.200000000011,132.19999999999982,204.39999999999964
RU:2,Fog:2,208,2995.200000000011,132.19999999999982,204.39999999999964
RU:3,Fog:3,208,2995.200000000011,132.19999999999982,204.39999999999964
RU:0,Fog:0,209,3009.6000000000113,132.19999999999982,204.39999999999964
RU:1,Fog:1,209,3009.6000000000113,132.19999999999982,204.39999999999964
RU:2,Fog:2,209,3009.6000000000113,132.19999999999982,204.39999999999964
RU:3,Fog:3,209,3009.6000000000113,132.19999999999982,204.39999999999964
RU:0,Fog:0,210,3024.0000000000114,132.19999999999982,204.39999999999964
RU:1,Fog:1,210,3024.0000000000114,132.19999999999982,204.39999999999964
RU:2,Fog:2,210,3024.0000000000114,132.19999999999982,204.39999999999964
RU:3,Fog:3,210,3024.0000000000114,132.19999999999982,204.39999999999964
RU:0,Fog:0,211,3038.4000000000115,132.19999999999982,204.39999999999964
RU:1,Fog:1,211,3038.4000000000115,132.19999999999982,204.39999999999964
RU:2,Fog:2,211,3038.4000000000115,132.19999999999982,204.39999999999964
RU:3,Fog:3,211,3038.4000000000115,132.19999999999982,204.39999999999964
RU:0,Fog:0,212,3052.8000000000116,132.19999999999982,204.39999999999964
RU:1,Fog:1,212,3052.8000000000116,132.19999999999982,204.39999999999964
RU:2,Fog:2,212,3052.8000000000116,132.19999999999982,204.39999999999964
RU:3,Fog:3,212,3052.8000000000116,132.19999999999982,204.39999999999964
RU:0,Fog:0,213,3067.2000000000116,132.19999999999982,204.39999999999964
RU:1,Fog:1,213,3067.2000000000116,132.19999999999982,204.39999999999964
RU:2,Fog:2,213,3067.2000000000116,132.19999999999982,204.39999999999964
RU:3,Fog:3,213,3067.2000000000116,132.19999999999982,204.39999999999964
RU:0,Fog:0,214,3081.6000000000117,132.19999999999982,204.39999999999964
RU:1,Fog:1,214,3081.6000000000117,132.19999999999982,204.39999999999964
RU:2,Fog:2,214,3081.6000000000117,132.19999999999982,204.39999999999964
RU:3,Fog:3,214,3081.6000000000117,132.19999999999982,204.39999999999964
RU:0,Fog:0,215,3096.000000000012,132.19999999999982,204.39999999999964
RU:1,Fog:1,215,3096.000000000012,132.19999999999982,204.39999999999964
RU:2,Fog:2,215,3096.000000000012,132.19999999999982,204.39999999999964
RU:3,Fog:3,215,3096.000000000012,132.19999999999982,204.39999999999964
RU:0,Fog:0,216,3110.400000000012,132.19999999999982,204.39999999999964
RU:1,Fog:1,216,3110.400000000012,132.19999999999982,204.39999999999964
RU:2,Fog:2,216,3110.400000000012,132.19999999999982,204.39999999999964
RU:3,Fog:3,216,3110.400000000012,132.19999999999982,204.39999999999964
RU:0,Fog:0,217,3124.800000000012,132.19999999999982,204.39999999999964
RU:1,Fog:1,217,3124.800000000012,132.19999999999982,204.39999999999964
RU:2,Fog:2,217,3124.800000000012,132.19999999999982,204.39999999999964
RU:3,Fog:3,217,3124.800000000012,132.19999999999982,204.39999999999964
RU:0,Fog:0,218,3139.200000000012,132.19999999999982,204.39999999999964
RU:1,Fog:1,218,3139.200000000012,132.19999999999982,204.39999999999964
RU:2,Fog:2,218,3139.200000000012,132.19999999999982,204.39999999999964
RU:3,Fog:3,218,3139.200000000012,132.19999999999982,204.39999999999964
RU:0,Fog:0,219,3153.600000000012,132.19999999999982,204.39999999999964
RU:1,Fog:1,219,3153.600000000012,132.19999999999982,204.39999999999964
RU:2,Fog:2,219,3153.600000000012,132.19999999999982,204.39999999999964
RU:3,Fog:3,219,3153.600000000012,132.19999999999982,204.39999999999964
RU:0,Fog:0,220,3168.0000000000123,132.19999999999982,204.39999999999964
RU:1,Fog:1,220,3168.0000000000123,132.19999999999982,204.39999999999964
RU:2,Fog:2,220,3168.0000000000123,132.19999999999982,204.39999999999964
RU:3,Fog:3,220,3168.0000000000123,132.19999999999982,204.39999999999964
RU:0,Fog:0,221,3182.4000000000124,132.19999999999982,204.39999999999964
RU:1,Fog:1,221,3182.4000000000124,132.19999999999982,204.39999999999964
RU:2,Fog:2,221,3182.4000000000124,132.19999999999982,204.39999999999964
RU:3,Fog:3,221,3182.4000000000124,132.19999999999982,204.39999999999964
RU:0,Fog:0,222,3196.8000000000125,132.19999999999982,204.39999999999964
RU:1,Fog:1,222,3196.8000000000125,132.19999999999982,204.39999999999964
RU:2,Fog:2,222,3196.8000000000125,132.19999999999982,204.39999999999964
RU:3,Fog:3,222,3196.8000000000125,132.19999999999982,204.39999999999964
RU:0,Fog:0,223,3211.2000000000126,132.19999999999982,204.39999999999964
RU:1,Fog:1,223,3211.2000000000126,132.19999999999982,204.39999999999964
RU:2,Fog:2,223,3211.2000000000126,132.19999999999982,204.39999999999964
RU:3,Fog:3,223,3211.2000000000126,132.19999999999982,204.39999999999964
RU:0,Fog:0,224,3225.6000000000126,132.19999999999982,204.39999999999964
RU:1,Fog:1,224,3225.6000000000126,132.19999999999982,204.39999999999964
RU:2,Fog:2,224,3225.6000000000126,132.19999999999982,204.39999999999964
RU:3,Fog:3,224,3225.6000000000126,132.19999999999982,204.39999999999964
RU:0,Fog:0,225,3240.0000000000127,132.19999999999982,204.39999999999964
RU:1,Fog:1,225,3240.0000000000127,132.19999999999982,204.39999999999964
RU:2,Fog:2,225,3240.0000000000127,132.19999999999982,204.39999999999964
RU:3,Fog:3,225,3240.0000000000127,132.19999999999982,204.39999999999964
RU:0,Fog:0,226,3254.400000000013,132.19999999999982,204.39999999999964
RU:1,Fog:1,226,3254.400000000013,132.19999999999982,204.39999999999964
RU:2,Fog:2,226,3254.400000000013,132.19999999999982,204.39999999999964
RU:3,Fog:3,226,3254.400000000013,132.19999999999982,204.39999999999964
RU:0,Fog:0,227,3268.800000000013,132.19999999999982,204.39999999999964
RU:1,Fog:1,227,3268.800000000013,132.19999999999982,204.39999999999964
RU:2,Fog:2,227,3268.800000000013,132.19999999999982,204.39999999999964
RU:3,Fog:3,227,3268.800000000013,132.19999999999982,204.39999999999964
RU:0,Fog:0,228,3283.200000000013,132.19999999999982,204.39999999999964
RU:1,Fog:1,228,3283.200000000013,132.19999999999982,204.39999999999964
RU:2,Fog:2,228,3283.200000000013,132.19999999999982,204.39999999999964
RU:3,Fog:3,228,3283.200000000013,132.19999999999982,204.39999999999964
RU:0,Fog:0,229,3297.600000000013,132.19999999999982,204.39999999999964
RU:1,Fog:1,229,3297.600000000013,132.19999999999982,204.39999999999964
RU:2,Fog:2,229,3297.600000000013,132.19999999999982,204.39999999999964
RU:3,Fog:3,229,3297.600000000013,132.19999999999982,204.39999999999964
RU:0,Fog:0,230,3312.000000000013,132.19999999999982,204.39999999999964
RU:1,Fog:1,230,3312.000000000013,132.19999999999982,204.39999999999964
RU:2,Fog:2,230,3312.000000000013,132.19999999999982,204.39999999999964
RU:3,Fog:3,230,3312.000000000013,132.19999999999982,204.39999999999964
RU:0,Fog:0,231,3326.4000000000133,132.19999999999982,204.39999999999964
RU:1,Fog:1,231,3326.4000000000133,132.19999999999982,204.39999999999964
RU:2,Fog:2,231,3326.4000000000133,132.19999999999982,204.39999999999964
RU:3,Fog:3,231,3326.4000000000133,132.19999999999982,204.39999999999964
RU:0,Fog:0,232,3340.8000000000134,132.19999999999982,204.39999999999964
RU:1,Fog:1,232,3340.8000000000134,132.19999999999982,204.39999999999964
RU:2,Fog:2,232,3340.8000000000134,132.19999999999982,204.39999999999964
RU:3,Fog:3,232,3340.8000000000134,132.19999999999982,204.39999999999964
RU:0,Fog:0,233,3355.2000000000135,132.19999999999982,204.39999999999964
RU:1,Fog:1,233,3355.2000000000135,132.19999999999982,204.39999999999964
RU:2,Fog:2,233,3355.2000000000135,132.19999999999982,204.39999999999964
RU:3,Fog:3,233,3355.2000000000135,132.19999999999982,204.39999999999964
RU:0,Fog:0,234,3369.6000000000136,132.19999999999982,204.39999999999964
RU:1,Fog:1,234,3369.6000000000136,132.19999999999982,204.39999999999964
RU:2,Fog:2,234,3369.6000000000136,132.19999999999982,204.39999999999964
RU:3,Fog:3,234,3369.6000000000136,132.19999999999982,204.39999999999964
RU:0,Fog:0,235,3384.0000000000136,132.19999999999982,204.39999999999964
RU:1,Fog:1,235,3384.0000000000136,132.19999999999982,204.39999999999964
RU:2,Fog:2,235,3384.0000000000136,132.19999999999982,204.39999999999964
RU:3,Fog:3,235,3384.0000000000136,132.19999999999982,204.39999999999964
RU:0,Fog:0,236,3398.4000000000137,132.19999999999982,204.39999999999964
RU:1,Fog:1,236,3398.4000000000137,132.19999999999982,204.39999999999964
RU:2,Fog:2,236,3398.4000000000137,132.19999999999982,204.39999999999964
RU:3,Fog:3,236,3398.4000000000137,132.19999999999982,204.39999999999964
RU:0,Fog:0,237,3412.800000000014,132.19999999999982,204.39999999999964
RU:1,Fog:1,237,3412.800000000014,132.19999999999982,204.39999999999964
RU:2,Fog:2,237,3412.800000000014,132.19999999999982,204.39999999999964
RU:3,Fog:3,237,3412.800000000014,132.19999999999982,204.39999999999964
RU:0,Fog:0,238,3427.200000000014,132.19999999999982,204.39999999999964
RU:1,Fog:1,238,3427.200000000014,132.19999999999982,204.39999999999964
RU:2,Fog:2,238,3427.200000000014,132.19999999999982,204.39999999999964
RU:3,Fog:3,238,3427.200000000014,132.19999999999982,204.39999999999964
RU:0,Fog:0,239,3441.600000000014,132.19999999999982,204.39999999999964
RU:1,Fog:1,239,3441.600000000014,132.19999999999982,204.39999999999964
RU:2,Fog:2,239,3441.600000000014,132.19999999999982,204.39999999999964
RU:3,Fog:3,239,3441.600000000014,132.19999999999982,204.39999999999964
RU:0,Fog:0,240,3456.000000000014,132.19999999999982,204.39999999999964
RU:1,Fog:1,240,3456.000000000014,132.19999999999982,204.39999999999964
RU:2,Fog:2,240,3456.000000000014,132.19999999999982,204.39999999999964
RU:3,Fog:3,240,3456.000000000014,132.19999999999982,204.39999999999964
RU:0,Fog:0,241,3470.400000000014,132.19999999999982,204.39999999999964
RU:1,Fog:1,241,3470.400000000014,132.19999999999982,204.39999999999964
RU:2,Fog:2,241,3470.400000000014,132.19999999999982,204.39999999999964
RU:3,Fog:3,241,3470.400000000014,132.19999999999982,204.39999999999964
RU:0,Fog:0,242,3484.8000000000143,132.19999999999982,204.39999999999964
RU:1,Fog:1,242,3484.8000000000143,132.19999999999982,204.39999999999964
RU:2,Fog:2,242,3484.8000000000143,132.19999999999982,204.39999999999964
RU:3,Fog:3,242,3484.8000000000143,132.19999999999982,204.39999999999964
RU:0,Fog:0,243,3499.2000000000144,132.19999999999982,204.39999999999964
RU:1,Fog:1,243,3499.2000000000144,132.19999999999982,204.39999999999964
RU:2,Fog:2,243,3499.2000000000144,132.19999999999982,204.39999999999964
RU:3,Fog:3,243,3499.2000000000144,132.19999999999982,204.39999999999964
RU:0,Fog:0,244,3513.6000000000145,132.19999999999982,204.39999999999964
RU:1,Fog:1,244,3513.6000000000145,132.19999999999982,204.39999999999964
RU:2,Fog:2,244,3513.6000000000145,132.19999999999982,204.39999999999964
RU:3,Fog:3,244,3513.6000000000145,132.19999999999982,204.39999999999964
RU:0,Fog:0,245,3528.0000000000146,132.19999999999982,204.39999999999964
RU:1,Fog:1,245,3528.0000000000146,132.19999999999982,204.39999999999964
RU:2,Fog:2,245,3528.0000000000146,132.19999999999982,204.39999999999964
RU:3,Fog:3,245,3528.0000000000146,132.19999999999982,204.39999999999964
RU:0,Fog:0,246,3542.4000000000146,132.19999999999982,204.39999999999964
RU:1,Fog:1,246,3542.4000000000146,132.19999999999982,204.39999999999964
RU:2,Fog:2,246,3542.4000000000146,132.19999999999982,204.39999999999964
RU:3,Fog:3,246,3542.4000000000146,132.19999999999982,204.39999999999964
RU:0,Fog:0,247,3556.8000000000147,132.19999999999982,204.39999999999964
RU:1,Fog:1,247,3556.8000000000147,132.19999999999982,204.39999999999964
RU:2,Fog:2,247,3556.8000000000147,132.19999999999982,204.39999999999964
RU:3,Fog:3,247,3556.8000000000147,132.19999999999982,204.39999999999964
RU:0,Fog:0,248,3571.200000000015,132.19999999999982,204.39999999999964
RU:1,Fog:1,248,3571.200000000015,132.19999999999982,204.39999999999964
RU:2,Fog:2,248,3571.200000000015,132.19999999999982,204.39999999999964
RU:3,Fog:3,248,3571.200000000015,132.19999999999982,204.39999999999964
RU:0,Fog:0,249,3585.600000000015,132.19999999999982,204.39999999999964
RU:1,Fog:1,249,3585.600000000015,132.19999999999982,204.39999999999964
RU:2,Fog:2,249,3585.600000000015,132.19999999999982,204.39999999999964
RU:3,Fog:3,249,3585.600000000015,132.19999999999982,204.39999999999964
RU:0,Fog:0,250,3600.000000000015,132.19999999999982,204.39999999999964
RU:1,Fog:1,250,3600.000000000015,132.19999999999982,204.39999999999964
RU:2,Fog:2,250,3600.000000000015,132.19999999999982,204.39999999999964
RU:3,Fog:3,250,3600.000000000015,132.19999999999982,204.39999999999964
RU:0,Fog:0,251,3614.400000000015,132.19999999999982,204.39999999999964
RU:1,Fog:1,251,3614.400000000015,132.19999999999982,204.39999999999964
RU:2,Fog:2,251,3614.400000000015,132.19999999999982,204.39999999999964
RU:3,Fog:3,251,3614.400000000015,132.19999999999982,204.39999999999964
RU:0,Fog:0,252,3628.800000000015,132.19999999999982,204.39999999999964
RU:1,Fog:1,252,3628.800000000015,132.19999999999982,204.39999999999964
RU:2,Fog:2,252,3628.800000000015,132.19999999999982,204.39999999999964
RU:3,Fog:3,252,3628.800000000015,132.19999999999982,204.39999999999964
RU:0,Fog:0,253,3643.2000000000153,132.19999999999982,204.39999999999964
RU:1,Fog:1,253,3643.2000000000153,132.19999999999982,204.39999999999964
RU:2,Fog:2,253,3643.2000000000153,132.19999999999982,204.39999999999964
RU:3,Fog:3,253,3643.2000000000153,132.19999999999982,204.39999999999964
RU:0,Fog:0,254,3657.6000000000154,132.19999999999982,204.39999999999964
RU:1,Fog:1,254,3657.6000000000154,132.19999999999982,204.39999999999964
RU:2,Fog:2,254,3657.6000000000154,132.19999999999982,204.39999999999964
RU:3,Fog:3,254,3657.6000000000154,132.19999999999982,204.39999999999964
RU:0,Fog:0,255,3672.0000000000155,132.19999999999982,204.39999999999964
RU:1,Fog:1,255,3672.0000000000155,132.19999999999982,204.39999999999964
RU:2,Fog:2,255,3672.0000000000155,132.19999999999982,204.39999999999964
RU:3,Fog:3,255,3672.0000000000155,132.19999999999982,204.39999999999964
RU:0,Fog:0,256,3686.4000000000156,132.19999999999982,204.39999999999964
RU:1,Fog:1,256,3686.4000000000156,132.19999999999982,204.39999999999964
RU:2,Fog:2,256,3686.4000000000156,132.19999999999982,204.39999999999964
RU:3,Fog:3,256,3686.4000000000156,132.19999999999982,204.39999999999964
RU:0,Fog:0,257,3700.8000000000156,132.19999999999982,204.39999999999964
RU:1,Fog:1,257,3700.8000000000156,132.19999999999982,204.39999999999964
RU:2,Fog:2,257,3700.8000000000156,132.19999999999982,204.39999999999964
RU:3,Fog:3,257,3700.8000000000156,132.19999999999982,204.39999999999964
RU:0,Fog:0,258,3715.2000000000157,132.19999999999982,204.39999999999964
RU:1,Fog:1,258,3715.2000000000157,132.19999999999982,204.39999999999964
RU:2,Fog:2,258,3715.2000000000157,132.19999999999982,204.39999999999964
RU:3,Fog:3,258,3715.2000000000157,132.19999999999982,204.39999999999964
RU:0,Fog:0,259,3729.600000000016,132.19999999999982,204.39999999999964
RU:1,Fog:1,259,3729.600000000016,132.19999999999982,204.39999999999964
RU:2,Fog:2,259,3729.600000000016,132.19999999999982,204.39999999999964
RU:3,Fog:3,259,3729.600000000016,132.19999999999982,204.39999999999964
RU:0,Fog:0,260,3744.000000000016,132.19999999999982,204.39999999999964
RU:1,Fog:1,260,3744.000000000016,132.19999999999982,204.39999999999964
RU:2,Fog:2,260,3744.000000000016,132.19999999999982,204.39999999999964
RU:3,Fog:3,260,3744.000000000016,132.19999999999982,204.39999999999964
RU:0,Fog:0,261,3758.400000000016,132.19999999999982,204.39999999999964
RU:1,Fog:1,261,3758.400000000016,132.19999999999982,204.39999999999964
RU:2,Fog:2,261,3758.400000000016,132.19999999999982,204.39999999999964
RU:3,Fog:3,261,3758.400000000016,132.19999999999982,204.39999999999964
RU:0,Fog:0,262,3772.800000000016,132.19999999999982,204.39999999999964
RU:1,Fog:1,262,3772.800000000016,132.19999999999982,204.39999999999964
RU:2,Fog:2,262,3772.800000000016,132.19999999999982,204.39999999999964
RU:3,Fog:3,262,3772.800000000016,132.19999999999982,204.39999999999964
RU:0,Fog:0,263,3787.200000000016,132.19999999999982,204.39999999999964
RU:1,Fog:1,263,3787.200000000016,132.19999999999982,204.39999999999964
RU:2,Fog:2,263,3787.200000000016,132.19999999999982,204.39999999999964
RU:3,Fog:3,263,3787.200000000016,132.19999999999982,204.39999999999964
RU:0,Fog:0,264,3801.6000000000163,132.19999999999982,204.39999999999964
RU:1,Fog:1,264,3801.6000000000163,132.19999999999982,204.39999999999964
RU:2,Fog:2,264,3801.6000000000163,132.19999999999982,204.39999999999964
RU:3,Fog:3,264,3801.6000000000163,132.19999999999982,204.39999999999964
RU:0,Fog:0,265,3816.0000000000164,132.19999999999982,204.39999999999964
RU:1,Fog:1,265,3816.0000000000164,132.19999999999982,204.39999999999964
RU:2,Fog:2,265,3816.0000000000164,132.19999999999982,204.39999999999964
RU:3,Fog:3,265,3816.0000000000164,132.19999999999982,204.39999999999964
RU:0,Fog:0,266,3830.4000000000165,132.19999999999982,204.39999999999964
RU:1,Fog:1,266,3830.4000000000165,132.19999999999982,204.39999999999964
RU:2,Fog:2,266,3830.4000000000165,132.19999999999982,204.39999999999964
RU:3,Fog:3,266,3830.4000000000165,132.19999999999982,204.39999999999964
RU:0,Fog:0,267,3844.8000000000166,132.19999999999982,204.39999999999964
RU:1,Fog:1,267,3844.8000000000166,132.19999999999982,204.39999999999964
RU:2,Fog:2,267,3844.8000000000166,132.19999999999982,204.39999999999964
RU:3,Fog:3,267,3844.8000000000166,132.19999999999982,204.39999999999964
RU:0,Fog:0,268,3859.2000000000166,132.19999999999982,204.39999999999964
RU:1,Fog:1,268,3859.2000000000166,132.19999999999982,204.39999999999964
RU:2,Fog:2,268,3859.2000000000166,132.19999999999982,204.39999999999964
RU:3,Fog:3,268,3859.2000000000166,132.19999999999982,204.39999999999964
RU:0,Fog:0,269,3873.6000000000167,132.19999999999982,204.39999999999964
RU:1,Fog:1,269,3873.6000000000167,132.19999999999982,204.39999999999964
RU:2,Fog:2,269,3873.6000000000167,132.19999999999982,204.39999999999964
RU:3,Fog:3,269,3873.6000000000167,132.19999999999982,204.39999999999964
RU:0,Fog:0,270,3888.000000000017,132.19999999999982,204.39999999999964
RU:1,Fog:1,270,3888.000000000017,132.19999999999982,204.39999999999964
RU:2,Fog:2,270,3888.000000000017,132.19999999999982,204.39999999999964
RU:3,Fog:3,270,3888.000000000017,132.19999999999982,204.39999999999964
RU:0,Fog:0,271,3902.400000000017,132.19999999999982,204.39999999999964
RU:1,Fog:1,271,3902.400000000017,132.19999999999982,204.39999999999964
RU:2,Fog:2,271,3902.400000000017,132.19999999999982,204.39999999999964
RU:3,Fog:3,271,3902.400000000017,132.19999999999982,204.39999999999964
RU:0,Fog:0,272,3916.800000000017,132.19999999999982,204.4000000000001
RU:1,Fog:1,272,3916.800000000017,132.19999999999982,204.4000000000001
RU:2,Fog:2,272,3916.800000000017,132.19999999999982,204.4000000000001
RU:3,Fog:3,272,3916.800000000017,132.19999999999982,204.4000000000001
RU:0,Fog:0,273,3931.200000000017,132.19999999999982,204.39999999999964
RU:1,Fog:1,273,3931.200000000017,132.19999999999982,204.39999999999964
RU:2,Fog:2,273,3931.200000000017,132.19999999999982,204.39999999999964
RU:3,Fog:3,273,3931.200000000017,132.19999999999982,204.39999999999964
RU:0,Fog:0,274,3945.600000000017,132.19999999999982,204.39999999999918
RU:1,Fog:1,274,3945.600000000017,132.19999999999982,204.39999999999918
RU:2,Fog:2,274,3945.600000000017,132.19999999999982,204.39999999999918
RU:3,Fog:3,274,3945.600000000017,132.19999999999982,204.39999999999918
RU:0,Fog:0,275,3960.0000000000173,132.19999999999982,204.39999999999964
RU:1,Fog:1,275,3960.0000000000173,132.19999999999982,204.39999999999964
RU:2,Fog:2,275,3960.0000000000173,132.19999999999982,204.39999999999964
RU:3,Fog:3,275,3960.0000000000173,132.19999999999982,204.39999999999964
RU:0,Fog:0,276,3974.4000000000174,132.19999999999936,204.39999999999918
RU:1,Fog:1,276,3974.4000000000174,132.19999999999936,204.39999999999918
RU:2,Fog:2,276,3974.4000000000174,132.19999999999936,204.39999999999918
RU:3,Fog:3,276,3974.4000000000174,132.19999999999936,204.39999999999918
RU:0,Fog:0,277,3988.8000000000175,132.19999999999982,204.39999999999964
RU:1,Fog:1,277,3988.8000000000175,132.19999999999982,204.39999999999964
RU:2,Fog:2,277,3988.8000000000175,132.19999999999982,204.39999999999964
RU:3,Fog:3,277,3988.8000000000175,132.19999999999982,204.39999999999964
RU:0,Fog:0,278,4003.2000000000176,132.20000000000027,204.4000000000001
RU:1,Fog:1,278,4003.2000000000176,132.20000000000027,204.4000000000001
RU:2,Fog:2,278,4003.2000000000176,132.20000000000027,204.4000000000001
RU:3,Fog:3,278,4003.2000000000176,132.20000000000027,204.4000000000001
RU:0,Fog:0,279,4017.6000000000176,132.19999999999982,204.39999999999964
RU:1,Fog:1,279,4017.6000000000176,132.19999999999982,204.39999999999964
RU:2,Fog:2,279,4017.6000000000176,132.19999999999982,204.39999999999964
RU:3,Fog:3,279,4017.6000000000176,132.19999999999982,204.39999999999964
RU:0,Fog:0,280,4032.0000000000177,132.19999999999936,204.39999999999918
RU:1,Fog:1,280,4032.0000000000177,132.19999999999936,204.39999999999918
RU:2,Fog:2,280,4032.0000000000177,132.19999999999936,204.39999999999918
RU:3,Fog:3,280,4032.0000000000177,132.19999999999936,204.39999999999918
RU:0,Fog:0,281,4046.400000000018,132.19999999999982,204.39999999999964
RU:1,Fog:1,281,4046.400000000018,132.19999999999982,204.39999999999964
RU:2,Fog:2,281,4046.400000000018,132.19999999999982,204.39999999999964
RU:3,Fog:3,281,4046.400000000018,132.19999999999982,204.39999999999964
RU:0,Fog:0,282,4060.800000000018,132.20000000000027,204.4000000000001
RU:1,Fog:1,282,4060.800000000018,132.20000000000027,204.4000000000001
RU:2,Fog:2,282,4060.800000000018,132.20000000000027,204.4000000000001
RU:3,Fog:3,282,4060.800000000018,132.20000000000027,204.4000000000001
RU:0,Fog:0,283,4075.200000000018,132.19999999999982,204.39999999999964
RU:1,Fog:1,283,4075.200000000018,132.19999999999982,204.39999999999964
RU:2,Fog:2,283,4075.200000000018,132.19999999999982,204.39999999999964
RU:3,Fog:3,283,4075.200000000018,132.19999999999982,204.39999999999964
RU:0,Fog:0,284,4089.600000000018,132.20000000000027,204.4000000000001
RU:1,Fog:1,284,4089.600000000018,132.20000000000027,204.4000000000001
RU:2,Fog:2,284,4089.600000000018,132.20000000000027,204.4000000000001
RU:3,Fog:3,284,4089.600000000018,132.20000000000027,204.4000000000001
RU:0,Fog:0,285,4104.000000000018,132.19999999999982,204.39999999999964
RU:1,Fog:1,285,4104.000000000018,132.19999999999982,204.39999999999964
RU:2,Fog:2,285,4104.000000000018,132.19999999999982,204.39999999999964
RU:3,Fog:3,285,4104.000000000018,132.19999999999982,204.39999999999964
RU:0,Fog:0,286,4118.400000000018,132.19999999999982,204.39999999999964
RU:1,Fog:1,286,4118.400000000018,132.19999999999982,204.39999999999964
RU:2,Fog:2,286,4118.400000000018,132.19999999999982,204.39999999999964
RU:3,Fog:3,286,4118.400000000018,132.19999999999982,204.39999999999964
RU:0,Fog:0,287,4132.8000000000175,132.19999999999982,204.39999999999964
RU:1,Fog:1,287,4132.8000000000175,132.19999999999982,204.39999999999964
RU:2,Fog:2,287,4132.8000000000175,132.19999999999982,204.39999999999964
RU:3,Fog:3,287,4132.8000000000175,132.19999999999982,204.39999999999964
RU:0,Fog:0,288,4147.200000000017,132.19999999999982,204.39999999999964
RU:1,Fog:1,288,4147.200000000017,132.19999999999982,204.39999999999964
RU:2,Fog:2,288,4147.200000000017,132.19999999999982,204.39999999999964
RU:3,Fog:3,288,4147.200000000017,132.19999999999982,204.39999999999964
RU:0,Fog:0,289,4161.600000000017,132.19999999999982,204.39999999999964
RU:1,Fog:1,289,4161.600000000017,132.19999999999982,204.39999999999964
RU:2,Fog:2,289,4161.600000000017,132.19999999999982,204.39999999999964
RU:3,Fog:3,289,4161.600000000017,132.19999999999982,204.39999999999964
RU:0,Fog:0,290,4176.000000000016,132.19999999999982,204.39999999999964
RU:1,Fog:1,290,4176.000000000016,132.19999999999982,204.39999999999964
RU:2,Fog:2,290,4176.000000000016,132.19999999999982,204.39999999999964
RU:3,Fog:3,290,4176.000000000016,132.19999999999982,204.39999999999964
RU:0,Fog:0,291,4190.400000000016,132.19999999999982,204.39999999999964
RU:1,Fog:1,291,4190.400000000016,132.19999999999982,204.39999999999964
RU:2,Fog:2,291,4190.400000000016,132.19999999999982,204.39999999999964
RU:3,Fog:3,291,4190.400000000016,132.19999999999982,204.39999999999964
RU:0,Fog:0,292,4204.800000000016,132.19999999999982,204.39999999999964
RU:1,Fog:1,292,4204.800000000016,132.19999999999982,204.39999999999964
RU:2,Fog:2,292,4204.800000000016,132.19999999999982,204.39999999999964
RU:3,Fog:3,292,4204.800000000016,132.19999999999982,204.39999999999964
RU:0,Fog:0,293,4219.200000000015,132.19999999999982,204.39999999999964
RU:1,Fog:1,293,4219.200000000015,132.19999999999982,204.39999999999964
RU:2,Fog:2,293,4219.200000000015,132.19999999999982,204.39999999999964
RU:3,Fog:3,293,4219.200000000015,132.19999999999982,204.39999999999964
RU:0,Fog:0,294,4233.600000000015,132.19999999999982,204.39999999999964
RU:1,Fog:1,294,4233.600000000015,132.19999999999982,204.39999999999964
RU:2,Fog:2,294,4233.600000000015,132.19999999999982,204.39999999999964
RU:3,Fog:3,294,4233.600000000015,132.19999999999982,204.39999999999964
RU:0,Fog:0,295,4248.000000000015,132.19999999999982,204.39999999999964
RU:1,Fog:1,295,4248.000000000015,132.19999999999982,204.39999999999964
RU:2,Fog:2,295,4248.000000000015,132.19999999999982,204.39999999999964
RU:3,Fog:3,295,4248.000000000015,132.19999999999982,204.39999999999964
RU:0,Fog:0,296,4262.400000000014,132.19999999999982,204.39999999999964
RU:1,Fog:1,296,4262.400000000014,132.19999999999982,204.39999999999964
RU:2,Fog:2,296,4262.400000000014,132.19999999999982,204.39999999999964
RU:3,Fog:3,296,4262.400000000014,132.19999999999982,204.39999999999964
RU:0,Fog:0,297,4276.800000000014,132.19999999999982,204.39999999999964
RU:1,Fog:1,297,4276.800000000014,132.19999999999982,204.39999999999964
RU:2,Fog:2,297,4276.800000000014,132.19999999999982,204.39999999999964
RU:3,Fog:3,297,4276.800000000014,132.19999999999982,204.39999999999964
RU:0,Fog:0,298,4291.2000000000135,132.19999999999982,204.39999999999964
RU:1,Fog:1,298,4291.2000000000135,132.19999999999982,204.39999999999964
RU:2,Fog:2,298,4291.2000000000135,132.19999999999982,204.39999999999964
RU:3,Fog:3,298,4291.2000000000135,132.19999999999982,204.39999999999964
RU:0,Fog:0,299,4305.600000000013,132.19999999999982,204.39999999999964
RU:1,Fog:1,299,4305.600000000013,132.19999999999982,204.39999999999964
RU:2,Fog:2,299,4305.600000000013,132.19999999999982,204.39999999999964
RU:3,Fog:3,299,4305.600000000013,132.19999999999982,204.39999999999964
RU:0,Fog:0,300,4320.000000000013,132.19999999999982,204.39999999999964
RU:1,Fog:1,300,4320.000000000013,132.19999999999982,204.39999999999964
RU:2,Fog:2,300,4320.000000000013,132.19999999999982,204.39999999999964
RU:3,Fog:3,300,4320.000000000013,132.19999999999982,204.39999999999964
RU:0,Fog:0,301,4334.400000000012,132.19999999999982,204.39999999999964
RU:1,Fog:1,301,4334.400000000012,132.19999999999982,204.39999999999964
RU:2,Fog:2,301,4334.400000000012,132.19999999999982,204.39999999999964
RU:3,Fog:3,301,4334.400000000012,132.19999999999982,204.39999999999964
RU:0,Fog:0,302,4348.800000000012,132.19999999999982,204.39999999999964
RU:1,Fog:1,302,4348.800000000012,132.19999999999982,204.39999999999964
RU:2,Fog:2,302,4348.800000000012,132.19999999999982,204.39999999999964
RU:3,Fog:3,302,4348.800000000012,132.19999999999982,204.39999999999964
RU:0,Fog:0,303,4363.200000000012,132.19999999999982,204.39999999999964
RU:1,Fog:1,303,4363.200000000012,132.19999999999982,204.39999999999964
RU:2,Fog:2,303,4363.200000000012,132.19999999999982,204.39999999999964
RU:3,Fog:3,303,4363.200000000012,132.19999999999982,204.39999999999964
RU:0,Fog:0,304,4377.600000000011,132.19999999999982,204.39999999999964
RU:1,Fog:1,304,4377.600000000011,132.19999999999982,204.39999999999964
RU:2,Fog:2,304,4377.600000000011,132.19999999999982,204.39999999999964
RU:3,Fog:3,304,4377.600000000011,132.19999999999982,204.39999999999964
RU:0,Fog:0,305,4392.000000000011,132.19999999999982,204.39999999999964
RU:1,Fog:1,305,4392.000000000011,132.19999999999982,204.39999999999964
RU:2,Fog:2,305,4392.000000000011,132.19999999999982,204.39999999999964
RU:3,Fog:3,305,4392.000000000011,132.19999999999982,204.39999999999964
RU:0,Fog:0,306,4406.400000000011,132.19999999999982,204.39999999999964
RU:1,Fog:1,306,4406.400000000011,132.19999999999982,204.39999999999964
RU:2,Fog:2,306,4406.400000000011,132.19999999999982,204.39999999999964
RU:3,Fog:3,306,4406.400000000011,132.19999999999982,204.39999999999964
RU:0,Fog:0,307,4420.80000000001,132.19999999999982,204.39999999999964
RU:1,Fog:1,307,4420.80000000001,132.19999999999982,204.39999999999964
RU:2,Fog:2,307,4420.80000000001,132.19999999999982,204.39999999999964
RU:3,Fog:3,307,4420.80000000001,132.19999999999982,204.39999999999964
RU:0,Fog:0,308,4435.20000000001,132.19999999999982,204.39999999999964
RU:1,Fog:1,308,4435.20000000001,132.19999999999982,204.39999999999964
RU:2,Fog:2,308,4435.20000000001,132.19999999999982,204.39999999999964
RU:3,Fog:3,308,4435.20000000001,132.19999999999982,204.39999999999964
RU:0,Fog:0,309,4449.6000000000095,132.19999999999982,204.39999999999964
RU:1,Fog:1,309,4449.6000000000095,132.19999999999982,204.39999999999964
RU:2,Fog:2,309,4449.6000000000095,132.19999999999982,204.39999999999964
RU:3,Fog:3,309,4449.6000000000095,132.19999999999982,204.39999999999964
RU:0,Fog:0,310,4464.000000000009,132.19999999999982,204.39999999999964
RU:1,Fog:1,310,4464.000000000009,132.19999999999982,204.39999999999964
RU:2,Fog:2,310,4464.000000000009,132.19999999999982,204.39999999999964
RU:3,Fog:3,310,4464.000000000009,132.19999999999982,204.39999999999964
RU:0,Fog:0,311,4478.400000000009,132.19999999999982,204.39999999999964
RU:1,Fog:1,311,4478.400000000009,132.19999999999982,204.39999999999964
RU:2,Fog:2,311,4478.400000000009,132.19999999999982,204.39999999999964
RU:3,Fog:3,311,4478.400000000009,132.19999999999982,204.39999999999964
RU:0,Fog:0,312,4492.800000000008,132.19999999999982,204.39999999999964
RU:1,Fog:1,312,4492.800000000008,132.19999999999982,204.39999999999964
RU:2,Fog:2,312,4492.800000000008,132.19999999999982,204.39999999999964
RU:3,Fog:3,312,4492.800000000008,132.19999999999982,204.39999999999964
RU:0,Fog:0,313,4507.200000000008,132.19999999999982,204.39999999999964
RU:1,Fog:1,313,4507.200000000008,132.19999999999982,204.39999999999964
RU:2,Fog:2,313,4507.200000000008,132.19999999999982,204.39999999999964
RU:3,Fog:3,313,4507.200000000008,132.19999999999982,204.39999999999964
RU:0,Fog:0,314,4521.600000000008,132.19999999999982,204.39999999999964
RU:1,Fog:1,314,4521.600000000008,132.19999999999982,204.39999999999964
RU:2,Fog:2,314,4521.600000000008,132.19999999999982,204.39999999999964
RU:3,Fog:3,314,4521.600000000008,132.19999999999982,204.39999999999964
RU:0,Fog:0,315,4536.000000000007,132.19999999999982,204.39999999999964
RU:1,Fog:1,315,4536.000000000007,132.19999999999982,204.39999999999964
RU:2,Fog:2,315,4536.000000000007,132.19999999999982,204.39999999999964
RU:3,Fog:3,315,4536.000000000007,132.19999999999982,204.39999999999964
RU:0,Fog:0,316,4550.400000000007,132.19999999999982,204.39999999999964
RU:1,Fog:1,316,4550.400000000007,132.19999999999982,204.39999999999964
RU:2,Fog:2,316,4550.400000000007,132.19999999999982,204.39999999999964
RU:3,Fog:3,316,4550.400000000007,132.19999999999982,204.39999999999964
RU:0,Fog:0,317,4564.800000000007,132.19999999999982,204.39999999999964
RU:1,Fog:1,317,4564.800000000007,132.19999999999982,204.39999999999964
RU:2,Fog:2,317,4564.800000000007,132.19999999999982,204.39999999999964
RU:3,Fog:3,317,4564.800000000007,132.19999999999982,204.39999999999964
RU:0,Fog:0,318,4579.200000000006,132.19999999999982,204.39999999999964
RU:1,Fog:1,318,4579.200000000006,132.19999999999982,204.39999999999964
RU:2,Fog:2,318,4579.200000000006,132.19999999999982,204.39999999999964
RU:3,Fog:3,318,4579.200000000006,132.19999999999982,204.39999999999964
RU:0,Fog:0,319,4593.600000000006,132.19999999999982,204.39999999999964
RU:1,Fog:1,319,4593.600000000006,132.19999999999982,204.39999999999964
RU:2,Fog:2,319,4593.600000000006,132.19999999999982,204.39999999999964
RU:3,Fog:3,319,4593.600000000006,132.19999999999982,204.39999999999964
RU:0,Fog:0,320,4608.0000000000055,132.19999999999982,204.39999999999964
RU:1,Fog:1,320,4608.0000000000055,132.19999999999982,204.39999999999964
RU:2,Fog:2,320,4608.0000000000055,132.19999999999982,204.39999999999964
RU:3,Fog:3,320,4608.0000000000055,132.19999999999982,204.39999999999964
RU:0,Fog:0,321,4622.400000000005,132.19999999999982,204.39999999999964
RU:1,Fog:1,321,4622.400000000005,132.19999999999982,204.39999999999964
RU:2,Fog:2,321,4622.400000000005,132.19999999999982,204.39999999999964
RU:3,Fog:3,321,4622.400000000005,132.19999999999982,204.39999999999964
RU:0,Fog:0,322,4636.800000000005,132.19999999999982,204.39999999999964
RU:1,Fog:1,322,4636.800000000005,132.19999999999982,204.39999999999964
RU:2,Fog:2,322,4636.800000000005,132.19999999999982,204.39999999999964
RU:3,Fog:3,322,4636.800000000005,132.19999999999982,204.39999999999964
RU:0,Fog:0,323,4651.200000000004,132.19999999999982,204.39999999999964
RU:1,Fog:1,323,4651.200000000004,132.19999999999982,204.39999999999964
RU:2,Fog:2,323,4651.200000000004,132.19999999999982,204.39999999999964
RU:3,Fog:3,323,4651.200000000004,132.19999999999982,204.39999999999964
RU:0,Fog:0,324,4665.600000000004,132.19999999999982,204.39999999999964
RU:1,Fog:1,324,4665.600000000004,132.19999999999982,204.39999999999964
RU:2,Fog:2,324,4665.600000000004,132.19999999999982,204.39999999999964
RU:3,Fog:3,324,4665.600000000004,132.19999999999982,204.39999999999964
RU:0,Fog:0,325,4680.000000000004,132.19999999999982,204.39999999999964
RU:1,Fog:1,325,4680.000000000004,132.19999999999982,204.39999999999964
RU:2,Fog:2,325,4680.000000000004,132.19999999999982,204.39999999999964
RU:3,Fog:3,325,4680.000000000004,132.19999999999982,204.39999999999964
RU:0,Fog:0,326,4694.400000000003,132.19999999999982,204.39999999999964
RU:1,Fog:1,326,4694.400000000003,132.19999999999982,204.39999999999964
RU:2,Fog:2,326,4694.400000000003,132.19999999999982,204.39999999999964
RU:3,Fog:3,326,4694.400000000003,132.19999999999982,204.39999999999964
RU:0,Fog:0,327,4708.800000000003,132.19999999999982,204.39999999999964
RU:1,Fog:1,327,4708.800000000003,132.19999999999982,204.39999999999964
RU:2,Fog:2,327,4708.800000000003,132.19999999999982,204.39999999999964
RU:3,Fog:3,327,4708.800000000003,132.19999999999982,204.39999999999964
RU:0,Fog:0,328,4723.200000000003,132.19999999999982,204.39999999999964
RU:1,Fog:1,328,4723.200000000003,132.19999999999982,204.39999999999964
RU:2,Fog:2,328,4723.200000000003,132.19999999999982,204.39999999999964
RU:3,Fog:3,328,4723.200000000003,132.19999999999982,204.39999999999964
RU:0,Fog:0,329,4737.600000000002,132.19999999999982,204.39999999999964
RU:1,Fog:1,329,4737.600000000002,132.19999999999982,204.39999999999964
RU:2,Fog:2,329,4737.600000000002,132.19999999999982,204.39999999999964
RU:3,Fog:3,329,4737.600000000002,132.19999999999982,204.39999999999964
RU:0,Fog:0,330,4752.000000000002,132.19999999999982,204.39999999999964
RU:1,Fog:1,330,4752.000000000002,132.19999999999982,204.39999999999964
RU:2,Fog:2,330,4752.000000000002,132.19999999999982,204.39999999999964
RU:3,Fog:3,330,4752.000000000002,132.19999999999982,204.39999999999964
RU:0,Fog:0,331,4766.4000000000015,132.19999999999982,204.39999999999964
RU:1,Fog:1,331,4766.4000000000015,132.19999999999982,204.39999999999964
RU:2,Fog:2,331,4766.4000000000015,132.19999999999982,204.39999999999964
RU:3,Fog:3,331,4766.4000000000015,132.19999999999982,204.39999999999964
RU:0,Fog:0,332,4780.800000000001,132.19999999999982,204.39999999999964
RU:1,Fog:1,332,4780.800000000001,132.19999999999982,204.39999999999964
RU:2,Fog:2,332,4780.800000000001,132.19999999999982,204.39999999999964
RU:3,Fog:3,332,4780.800000000001,132.19999999999982,204.39999999999964
RU:0,Fog:0,333,4795.200000000001,132.19999999999982,204.39999999999964
RU:1,Fog:1,333,4795.200000000001,132.19999999999982,204.39999999999964
RU:2,Fog:2,333,4795.200000000001,132.19999999999982,204.39999999999964
RU:3,Fog:3,333,4795.200000000001,132.19999999999982,204.39999999999964
RU:0,Fog:0,334,4809.6,132.19999999999982,204.39999999999964
RU:1,Fog:1,334,4809.6,132.19999999999982,204.39999999999964
RU:2,Fog:2,334,4809.6,132.19999999999982,204.39999999999964
RU:3,Fog:3,334,4809.6,132.19999999999982,204.39999999999964
RU:0,Fog:0,335,4824.0,132.19999999999982,204.39999999999964
RU:1,Fog:1,335,4824.0,132.19999999999982,204.39999999999964
RU:2,Fog:2,335,4824.0,132.19999999999982,204.39999999999964
RU:3,Fog:3,335,4824.0,132.19999999999982,204.39999999999964
RU:0,Fog:0,336,4838.4,132.19999999999982,204.39999999999964
RU:1,Fog:1,336,4838.4,132.19999999999982,204.39999999999964
RU:2,Fog:2,336,4838.4,132.19999999999982,204.39999999999964
RU:3,Fog:3,336,4838.4,132.19999999999982,204.39999999999964
RU:0,Fog:0,337,4852.799999999999,132.19999999999982,204.39999999999964
RU:1,Fog:1,337,4852.799999999999,132.19999999999982,204.39999999999964
RU:2,Fog:2,337,4852.799999999999,132.19999999999982,204.39999999999964
RU:3,Fog:3,337,4852.799999999999,132.19999999999982,204.39999999999964
RU:0,Fog:0,338,4867.199999999999,132.19999999999982,204.39999999999964
RU:1,Fog:1,338,4867.199999999999,132.19999999999982,204.39999999999964
RU:2,Fog:2,338,4867.199999999999,132.19999999999982,204.39999999999964
RU:3,Fog:3,338,4867.199999999999,132.19999999999982,204.39999999999964
RU:0,Fog:0,339,4881.5999999999985,132.19999999999982,204.39999999999964
RU:1,Fog:1,339,4881.5999999999985,132.19999999999982,204.39999999999964
RU:2,Fog:2,339,4881.5999999999985,132.19999999999982,204.39999999999964
RU:3,Fog:3,339,4881.5999999999985,132.19999999999982,204.39999999999964
RU:0,Fog:0,340,4895.999999999998,132.19999999999982,204.39999999999964
RU:1,Fog:1,340,4895.999999999998,132.19999999999982,204.39999999999964
RU:2,Fog:2,340,4895.999999999998,132.19999999999982,204.39999999999964
RU:3,Fog:3,340,4895.999999999998,132.19999999999982,204.39999999999964
RU:0,Fog:0,341,4910.399999999998,132.19999999999982,204.39999999999964
RU:1,Fog:1,341,4910.399999999998,132.19999999999982,204.39999999999964
RU:2,Fog:2,341,4910.399999999998,132.19999999999982,204.39999999999964
RU:3,Fog:3,341,4910.399999999998,132.19999999999982,204.39999999999964
RU:0,Fog:0,342,4924.799999999997,132.19999999999982,204.39999999999964
RU:1,Fog:1,342,4924.799999999997,132.19999999999982,204.39999999999964
RU:2,Fog:2,342,4924.799999999997,132.19999999999982,204.39999999999964
RU:3,Fog:3,342,4924.799999999997,132.19999999999982,204.39999999999964
RU:0,Fog:0,343,4939.199999999997,132.19999999999982,204.39999999999964
RU:1,Fog:1,343,4939.199999999997,132.19999999999982,204.39999999999964
RU:2,Fog:2,343,4939.199999999997,132.19999999999982,204.39999999999964
RU:3,Fog:3,343,4939.199999999997,132.19999999999982,204.39999999999964
RU:0,Fog:0,344,4953.599999999997,132.19999999999982,204.39999999999964
RU:1,Fog:1,344,4953.599999999997,132.19999999999982,204.39999999999964
RU:2,Fog:2,344,4953.599999999997,132.19999999999982,204.39999999999964
RU:3,Fog:3,344,4953.599999999997,132.19999999999982,204.39999999999964
RU:0,Fog:0,345,4967.999999999996,132.19999999999982,204.39999999999964
RU:1,Fog:1,345,4967.999999999996,132.19999999999982,204.39999999999964
RU:2,Fog:2,345,4967.999999999996,132.19999999999982,204.39999999999964
RU:3,Fog:3,345,4967.999999999996,132.19999999999982,204.39999999999964
RU:0,Fog:0,346,4982.399999999996,132.19999999999982,204.39999999999964
RU:1,Fog:1,346,4982.399999999996,132.19999999999982,204.39999999999964
RU:2,Fog:2,346,4982.399999999996,132.19999999999982,204.39999999999964
RU:3,Fog:3,346,4982.399999999996,132.19999999999982,204.39999999999964
RU:0,Fog:0,347,4996.799999999996,132.19999999999982,204.39999999999964
RU:1,Fog:1,347,4996.799999999996,132.19999999999982,204.39999999999964
RU:2,Fog:2,347,4996.799999999996,132.19999999999982,204.39999999999964
RU:3,Fog:3,347,4996.799999999996,132.19999999999982,204.39999999999964
RU:0,Fog:0,348,5011.199999999995,132.19999999999982,204.39999999999964
RU:1,Fog:1,348,5011.199999999995,132.19999999999982,204.39999999999964
RU:2,Fog:2,348,5011.199999999995,132.19999999999982,204.39999999999964
RU:3,Fog:3,348,5011.199999999995,132.19999999999982,204.39999999999964
RU:0,Fog:0,349,5025.599999999995,132.19999999999982,204.39999999999964
RU:1,Fog:1,349,5025.599999999995,132.19999999999982,204.39999999999964
RU:2,Fog:2,349,5025.599999999995,132.19999999999982,204.39999999999964
RU:3,Fog:3,349,5025.599999999995,132.19999999999982,204.39999999999964
RU:0,Fog:0,350,5039.9999999999945,132.19999999999982,204.39999999999964
RU:1,Fog:1,350,5039.9999999999945,132.19999999999982,204.39999999999964
RU:2,Fog:2,350,5039.9999999999945,132.19999999999982,204.39999999999964
RU:3,Fog:3,350,5039.9999999999945,132.19999999999982,204.39999999999964
RU:0,Fog:0,351,5054.399999999994,132.19999999999982,204.39999999999964
RU:1,Fog:1,351,5054.399999999994,132.19999999999982,204.39999999999964
RU:2,Fog:2,351,5054.399999999994,132.19999999999982,204.39999999999964
RU:3,Fog:3,351,5054.399999999994,132.19999999999982,204.39999999999964
RU:0,Fog:0,352,5068.799999999994,132.19999999999982,204.39999999999964
RU:1,Fog:1,352,5068.799999999994,132.19999999999982,204.39999999999964
RU:2,Fog:2,352,5068.799999999994,132.19999999999982,204.39999999999964
RU:3,Fog:3,352,5068.799999999994,132.19999999999982,204.39999999999964
RU:0,Fog:0,353,5083.199999999993,132.19999999999982,204.39999999999964
RU:1,Fog:1,353,5083.199999999993,132.19999999999982,204.39999999999964
RU:2,Fog:2,353,5083.199999999993,132.19999999999982,204.39999999999964
RU:3,Fog:3,353,5083.199999999993,132.19999999999982,204.39999999999964
RU:0,Fog:0,354,5097.599999999993,132.19999999999982,204.39999999999964
RU:1,Fog:1,354,5097.599999999993,132.19999999999982,204.39999999999964
RU:2,Fog:2,354,5097.599999999993,132.19999999999982,204.39999999999964
RU:3,Fog:3,354,5097.599999999993,132.19999999999982,204.39999999999964
RU:0,Fog:0,355,5111.999999999993,132.19999999999982,204.39999999999964
RU:1,Fog:1,355,5111.999999999993,132.19999999999982,204.39999999999964
RU:2,Fog:2,355,5111.999999999993,132.19999999999982,204.39999999999964
RU:3,Fog:3,355,5111.999999999993,132.19999999999982,204.39999999999964
RU:0,Fog:0,356,5126.399999999992,132.19999999999982,204.39999999999964
RU:1,Fog:1,356,5126.399999999992,132.19999999999982,204.39999999999964
RU:2,Fog:2,356,5126.399999999992,132.19999999999982,204.39999999999964
RU:3,Fog:3,356,5126.399999999992,132.19999999999982,204.39999999999964
RU:0,Fog:0,357,5140.799999999992,132.19999999999982,204.39999999999964
RU:1,Fog:1,357,5140.799999999992,132.19999999999982,204.39999999999964
RU:2,Fog:2,357,5140.799999999992,132.19999999999982,204.39999999999964
RU:3,Fog:3,357,5140.799999999992,132.19999999999982,204.39999999999964
RU:0,Fog:0,358,5155.199999999992,132.19999999999982,204.39999999999964
RU:1,Fog:1,358,5155.199999999992,132.19999999999982,204.39999999999964
RU:2,Fog:2,358,5155.199999999992,132.19999999999982,204.39999999999964
RU:3,Fog:3,358,5155.199999999992,132.19999999999982,204.39999999999964
RU:0,Fog:0,359,5169.599999999991,132.19999999999982,204.39999999999964
RU:1,Fog:1,359,5169.599999999991,132.19999999999982,204.39999999999964
RU:2,Fog:2,359,5169.599999999991,132.19999999999982,204.39999999999964
RU:3,Fog:3,359,5169.599999999991,132.19999999999982,204.39999999999964
RU:0,Fog:0,360,5183.999999999991,132.19999999999982,204.39999999999964
RU:1,Fog:1,360,5183.999999999991,132.19999999999982,204.39999999999964
RU:2,Fog:2,360,5183.999999999991,132.19999999999982,204.39999999999964
RU:3,Fog:3,360,5183.999999999991,132.19999999999982,204.39999999999964
RU:0,Fog:0,361,5198.3999999999905,132.19999999999982,204.39999999999964
RU:1,Fog:1,361,5198.3999999999905,132.19999999999982,204.39999999999964
RU:2,Fog:2,361,5198.3999999999905,132.19999999999982,204.39999999999964
RU:3,Fog:3,361,5198.3999999999905,132.19999999999982,204.39999999999964
RU:0,Fog:0,362,5212.79999999999,132.19999999999982,204.39999999999964
RU:1,Fog:1,362,5212.79999999999,132.19999999999982,204.39999999999964
RU:2,Fog:2,362,5212.79999999999,132.19999999999982,204.39999999999964
RU:3,Fog:3,362,5212.79999999999,132.19999999999982,204.39999999999964
RU:0,Fog:0,363,5227.19999999999,132.19999999999982,204.39999999999964
RU:1,Fog:1,363,5227.19999999999,132.19999999999982,204.39999999999964
RU:2,Fog:2,363,5227.19999999999,132.19999999999982,204.39999999999964
RU:3,Fog:3,363,5227.19999999999,132.19999999999982,204.39999999999964
RU:0,Fog:0,364,5241.599999999989,132.19999999999982,204.39999999999964
RU:1,Fog:1,364,5241.599999999989,132.19999999999982,204.39999999999964
RU:2,Fog:2,364,5241.599999999989,132.19999999999982,204.39999999999964
RU:3,Fog:3,364,5241.599999999989,132.19999999999982,204.39999999999964
RU:0,Fog:0,365,5255.999999999989,132.19999999999982,204.39999999999964
RU:1,Fog:1,365,5255.999999999989,132.19999999999982,204.39999999999964
RU:2,Fog:2,365,5255.999999999989,132.19999999999982,204.39999999999964
RU:3,Fog:3,365,5255.999999999989,132.19999999999982,204.39999999999964
RU:0,Fog:0,366,5270.399999999989,132.19999999999982,204.39999999999964
RU:1,Fog:1,366,5270.399999999989,132.19999999999982,204.39999999999964
RU:2,Fog:2,366,5270.399999999989,132.19999999999982,204.39999999999964
RU:3,Fog:3,366,5270.399999999989,132.19999999999982,204.39999999999964
RU:0,Fog:0,367,5284.799999999988,132.19999999999982,204.39999999999964
RU:1,Fog:1,367,5284.799999999988,132.19999999999982,204.39999999999964
RU:2,Fog:2,367,5284.799999999988,132.19999999999982,204.39999999999964
RU:3,Fog:3,367,5284.799999999988,132.19999999999982,204.39999999999964
RU:0,Fog:0,368,5299.199999999988,132.19999999999982,204.39999999999964
RU:1,Fog:1,368,5299.199999999988,132.19999999999982,204.39999999999964
RU:2,Fog:2,368,5299.199999999988,132.19999999999982,204.39999999999964
RU:3,Fog:3,368,5299.199999999988,132.19999999999982,204.39999999999964
RU:0,Fog:0,369,5313.599999999988,132.19999999999982,204.39999999999964
RU:1,Fog:1,369,5313.599999999988,132.19999999999982,204.39999999999964
RU:2,Fog:2,369,5313.599999999988,132.19999999999982,204.39999999999964
RU:3,Fog:3,369,5313.599999999988,132.19999999999982,204.39999999999964
RU:0,Fog:0,370,5327.999999999987,132.19999999999982,204.39999999999964
RU:1,Fog:1,370,5327.999999999987,132.19999999999982,204.39999999999964
RU:2,Fog:2,370,5327.999999999987,132.19999999999982,204.39999999999964
RU:3,Fog:3,370,5327.999999999987,132.19999999999982,204.39999999999964
RU:0,Fog:0,371,5342.399999999987,132.19999999999982,204.39999999999964
RU:1,Fog:1,371,5342.399999999987,132.19999999999982,204.39999999999964
RU:2,Fog:2,371,5342.399999999987,132.19999999999982,204.39999999999964
RU:3,Fog:3,371,5342.399999999987,132.19999999999982,204.39999999999964
RU:0,Fog:0,372,5356.7999999999865,132.19999999999982,204.39999999999964
RU:1,Fog:1,372,5356.7999999999865,132.19999999999982,204.39999999999964
RU:2,Fog:2,372,5356.7999999999865,132.19999999999982,204.39999999999964
RU:3,Fog:3,372,5356.7999999999865,132.19999999999982,204.39999999999964
RU:0,Fog:0,373,5371.199999999986,132.19999999999982,204.39999999999964
RU:1,Fog:1,373,5371.199999999986,132.19999999999982,204.39999999999964
RU:2,Fog:2,373,5371.199999999986,132.19999999999982,204.39999999999964
RU:3,Fog:3,373,5371.199999999986,132.19999999999982,204.39999999999964
RU:0,Fog:0,374,5385.599999999986,132.19999999999982,204.39999999999964
RU:1,Fog:1,374,5385.599999999986,132.19999999999982,204.39999999999964
RU:2,Fog:2,374,5385.599999999986,132.19999999999982,204.39999999999964
RU:3,Fog:3,374,5385.599999999986,132.19999999999982,204.39999999999964
RU:0,Fog:0,375,5399.999999999985,132.19999999999982,204.39999999999964
RU:1,Fog:1,375,5399.999999999985,132.19999999999982,204.39999999999964
RU:2,Fog:2,375,5399.999999999985,132.19999999999982,204.39999999999964
RU:3,Fog:3,375,5399.999999999985,132.19999999999982,204.39999999999964
RU:0,Fog:0,376,5414.399999999985,132.19999999999982,204.39999999999964
RU:1,Fog:1,376,5414.399999999985,132.19999999999982,204.39999999999964
RU:2,Fog:2,376,5414.399999999985,132.19999999999982,204.39999999999964
RU:3,Fog:3,376,5414.399999999985,132.19999999999982,204.39999999999964
RU:0,Fog:0,377,5428.799999999985,132.19999999999982,204.39999999999964
RU:1,Fog:1,377,5428.799999999985,132.19999999999982,204.39999999999964
RU:2,Fog:2,377,5428.799999999985,132.19999999999982,204.39999999999964
RU:3,Fog:3,377,5428.799999999985,132.19999999999982,204.39999999999964
RU:0,Fog:0,378,5443.199999999984,132.19999999999982,204.39999999999964
RU:1,Fog:1,378,5443.199999999984,132.19999999999982,204.39999999999964
RU:2,Fog:2,378,5443.199999999984,132.19999999999982,204.39999999999964
RU:3,Fog:3,378,5443.199999999984,132.19999999999982,204.39999999999964
RU:0,Fog:0,379,5457.599999999984,132.19999999999982,204.39999999999964
RU:1,Fog:1,379,5457.599999999984,132.19999999999982,204.39999999999964
RU:2,Fog:2,379,5457.599999999984,132.19999999999982,204.39999999999964
RU:3,Fog:3,379,5457.599999999984,132.19999999999982,204.39999999999964
RU:0,Fog:0,380,5471.999999999984,132.19999999999982,204.39999999999964
RU:1,Fog:1,380,5471.999999999984,132.19999999999982,204.39999999999964
RU:2,Fog:2,380,5471.999999999984,132.19999999999982,204.39999999999964
RU:3,Fog:3,380,5471.999999999984,132.19999999999982,204.39999999999964
RU:0,Fog:0,381,5486.399999999983,132.19999999999982,204.39999999999964
RU:1,Fog:1,381,5486.399999999983,132.19999999999982,204.39999999999964
RU:2,Fog:2,381,5486.399999999983,132.19999999999982,204.39999999999964
RU:3,Fog:3,381,5486.399999999983,132.19999999999982,204.39999999999964
RU:0,Fog:0,382,5500.799999999983,132.19999999999982,204.39999999999964
RU:1,Fog:1,382,5500.799999999983,132.19999999999982,204.39999999999964
RU:2,Fog:2,382,5500.799999999983,132.19999999999982,204.39999999999964
RU:3,Fog:3,382,5500.799999999983,132.19999999999982,204.39999999999964
RU:0,Fog:0,383,5515.1999999999825,132.19999999999982,204.39999999999964
RU:1,Fog:1,383,5515.1999999999825,132.19999999999982,204.39999999999964
RU:2,Fog:2,383,5515.1999999999825,132.19999999999982,204.39999999999964
RU:3,Fog:3,383,5515.1999999999825,132.19999999999982,204.39999999999964
RU:0,Fog:0,384,5529.599999999982,132.19999999999982,204.39999999999964
RU:1,Fog:1,384,5529.599999999982,132.19999999999982,204.39999999999964
RU:2,Fog:2,384,5529.599999999982,132.19999999999982,204.39999999999964
RU:3,Fog:3,384,5529.599999999982,132.19999999999982,204.39999999999964
RU:0,Fog:0,385,5543.999999999982,132.19999999999982,204.39999999999964
RU:1,Fog:1,385,5543.999999999982,132.19999999999982,204.39999999999964
RU:2,Fog:2,385,5543.999999999982,132.19999999999982,204.39999999999964
RU:3,Fog:3,385,5543.999999999982,132.19999999999982,204.39999999999964
RU:0,Fog:0,386,5558.399999999981,132.19999999999982,204.39999999999964
RU:1,Fog:1,386,5558.399999999981,132.19999999999982,204.39999999999964
RU:2,Fog:2,386,5558.399999999981,132.19999999999982,204.39999999999964
RU:3,Fog:3,386,5558.399999999981,132.19999999999982,204.39999999999964
RU:0,Fog:0,387,5572.799999999981,132.19999999999982,204.39999999999964
RU:1,Fog:1,387,5572.799999999981,132.19999999999982,204.39999999999964
RU:2,Fog:2,387,5572.799999999981,132.19999999999982,204.39999999999964
RU:3,Fog:3,387,5572.799999999981,132.19999999999982,204.39999999999964
RU:0,Fog:0,388,5587.199999999981,132.19999999999982,204.39999999999964
RU:1,Fog:1,388,5587.199999999981,132.19999999999982,204.39999999999964
RU:2,Fog:2,388,5587.199999999981,132.19999999999982,204.39999999999964
RU:3,Fog:3,388,5587.199999999981,132.19999999999982,204.39999999999964
RU:0,Fog:0,389,5601.59999999998,132.19999999999982,204.39999999999964
RU:1,Fog:1,389,5601.59999999998,132.19999999999982,204.39999999999964
RU:2,Fog:2,389,5601.59999999998,132.19999999999982,204.39999999999964
RU:3,Fog:3,389,5601.59999999998,132.19999999999982,204.39999999999964
RU:0,Fog:0,390,5615.99999999998,132.19999999999982,204.39999999999964
RU:1,Fog:1,390,5615.99999999998,132.19999999999982,204.39999999999964
RU:2,Fog:2,390,5615.99999999998,132.19999999999982,204.39999999999964
RU:3,Fog:3,390,5615.99999999998,132.19999999999982,204.39999999999964
RU:0,Fog:0,391,5630.39999999998,132.19999999999982,204.39999999999964
RU:1,Fog:1,391,5630.39999999998,132.19999999999982,204.39999999999964
RU:2,Fog:2,391,5630.39999999998,132.19999999999982,204.39999999999964
RU:3,Fog:3,391,5630.39999999998,132.19999999999982,204.39999999999964
RU:0,Fog:0,392,5644.799999999979,132.19999999999982,204.39999999999964
RU:1,Fog:1,392,5644.799999999979,132.19999999999982,204.39999999999964
RU:2,Fog:2,392,5644.799999999979,132.19999999999982,204.39999999999964
RU:3,Fog:3,392,5644.799999999979,132.19999999999982,204.39999999999964
RU:0,Fog:0,393,5659.199999999979,132.19999999999982,204.39999999999964
RU:1,Fog:1,393,5659.199999999979,132.19999999999982,204.39999999999964
RU:2,Fog:2,393,5659.199999999979,132.19999999999982,204.39999999999964
RU:3,Fog:3,393,5659.199999999979,132.19999999999982,204.39999999999964
RU:0,Fog:0,394,5673.5999999999785,132.19999999999982,204.39999999999964
RU:1,Fog:1,394,5673.5999999999785,132.19999999999982,204.39999999999964
RU:2,Fog:2,394,5673.5999999999785,132.19999999999982,204.39999999999964
RU:3,Fog:3,394,5673.5999999999785,132.19999999999982,204.39999999999964
RU:0,Fog:0,395,5687.999999999978,132.19999999999982,204.39999999999964
RU:1,Fog:1,395,5687.999999999978,132.19999999999982,204.39999999999964
RU:2,Fog:2,395,5687.999999999978,132.19999999999982,204.39999999999964
RU:3,Fog:3,395,5687.999999999978,132.19999999999982,204.39999999999964
RU:0,Fog:0,396,5702.399999999978,132.19999999999982,204.39999999999964
RU:1,Fog:1,396,5702.399999999978,132.19999999999982,204.39999999999964
RU:2,Fog:2,396,5702.399999999978,132.19999999999982,204.39999999999964
RU:3,Fog:3,396,5702.399999999978,132.19999999999982,204.39999999999964
RU:0,Fog:0,397,5716.799999999977,132.19999999999982,204.39999999999964
RU:1,Fog:1,397,5716.799999999977,132.19999999999982,204.39999999999964
RU:2,Fog:2,397,5716.799999999977,132.19999999999982,204.39999999999964
RU:3,Fog:3,397,5716.799999999977,132.19999999999982,204.39999999999964
RU:0,Fog:0,398,5731.199999999977,132.19999999999982,204.39999999999964
RU:1,Fog:1,398,5731.199999999977,132.19999999999982,204.39999999999964
RU:2,Fog:2,398,5731.199999999977,132.19999999999982,204.39999999999964
RU:3,Fog:3,398,5731.199999999977,132.19999999999982,204.39999999999964
RU:0,Fog:0,399,5745.599999999977,132.19999999999982,204.39999999999964
RU:1,Fog:1,399,5745.599999999977,132.19999999999982,204.39999999999964
RU:2,Fog:2,399,5745.599999999977,132.19999999999982,204.39999999999964
RU:3,Fog:3,399,5745.599999999977,132.19999999999982,204.39999999999964
RU:0,Fog:0,400,5759.999999999976,132.19999999999982,204.39999999999964
RU:1,Fog:1,400,5759.999999999976,132.19999999999982,204.39999999999964
RU:2,Fog:2,400,5759.999999999976,132.19999999999982,204.39999999999964
RU:3,Fog:3,400,5759.999999999976,132.19999999999982,204.39999999999964
RU:0,Fog:0,401,5774.399999999976,132.19999999999982,204.39999999999964
RU:1,Fog:1,401,5774.399999999976,132.19999999999982,204.39999999999964
RU:2,Fog:2,401,5774.399999999976,132.19999999999982,204.39999999999964
RU:3,Fog:3,401,5774.399999999976,132.19999999999982,204.39999999999964
RU:0,Fog:0,402,5788.799999999976,132.19999999999982,204.39999999999964
RU:1,Fog:1,402,5788.799999999976,132.19999999999982,204.39999999999964
RU:2,Fog:2,402,5788.799999999976,132.19999999999982,204.39999999999964
RU:3,Fog:3,402,5788.799999999976,132.19999999999982,204.39999999999964
RU:0,Fog:0,403,5803.199999999975,132.19999999999982,204.39999999999964
RU:1,Fog:1,403,5803.199999999975,132.19999999999982,204.39999999999964
RU:2,Fog:2,403,5803.199999999975,132.19999999999982,204.39999999999964
RU:3,Fog:3,403,5803.199999999975,132.19999999999982,204.39999999999964
RU:0,Fog:0,404,5817.599999999975,132.19999999999982,204.39999999999964
RU:1,Fog:1,404,5817.599999999975,132.19999999999982,204.39999999999964
RU:2,Fog:2,404,5817.599999999975,132.19999999999982,204.39999999999964
RU:3,Fog:3,404,5817.599999999975,132.19999999999982,204.39999999999964
RU:0,Fog:0,405,5831.9999999999745,132.19999999999982,204.39999999999964
RU:1,Fog:1,405,5831.9999999999745,132.19999999999982,204.39999999999964
RU:2,Fog:2,405,5831.9999999999745,132.19999999999982,204.39999999999964
RU:3,Fog:3,405,5831.9999999999745,132.19999999999982,204.39999999999964
RU:0,Fog:0,406,5846.399999999974,132.19999999999982,204.39999999999964
RU:1,Fog:1,406,5846.399999999974,132.19999999999982,204.39999999999964
RU:2,Fog:2,406,5846.399999999974,132.19999999999982,204.39999999999964
RU:3,Fog:3,406,5846.399999999974,132.19999999999982,204.39999999999964
RU:0,Fog:0,407,5860.799999999974,132.19999999999982,204.39999999999964
RU:1,Fog:1,407,5860.799999999974,132.19999999999982,204.39999999999964
RU:2,Fog:2,407,5860.799999999974,132.19999999999982,204.39999999999964
RU:3,Fog:3,407,5860.799999999974,132.19999999999982,204.39999999999964
RU:0,Fog:0,408,5875.199999999973,132.19999999999982,204.39999999999964
RU:1,Fog:1,408,5875.199999999973,132.19999999999982,204.39999999999964
RU:2,Fog:2,408,5875.199999999973,132.19999999999982,204.39999999999964
RU:3,Fog:3,408,5875.199999999973,132.19999999999982,204.39999999999964
RU:0,Fog:0,409,5889.599999999973,132.19999999999982,204.39999999999964
RU:1,Fog:1,409,5889.599999999973,132.19999999999982,204.39999999999964
RU:2,Fog:2,409,5889.599999999973,132.19999999999982,204.39999999999964
RU:3,Fog:3,409,5889.599999999973,132.19999999999982,204.39999999999964
RU:0,Fog:0,410,5903.999999999973,132.19999999999982,204.39999999999964
RU:1,Fog:1,410,5903.999999999973,132.19999999999982,204.39999999999964
RU:2,Fog:2,410,5903.999999999973,132.19999999999982,204.39999999999964
RU:3,Fog:3,410,5903.999999999973,132.19999999999982,204.39999999999964
RU:0,Fog:0,411,5918.399999999972,132.19999999999982,204.39999999999964
RU:1,Fog:1,411,5918.399999999972,132.19999999999982,204.39999999999964
RU:2,Fog:2,411,5918.399999999972,132.19999999999982,204.39999999999964
RU:3,Fog:3,411,5918.399999999972,132.19999999999982,204.39999999999964
RU:0,Fog:0,412,5932.799999999972,132.19999999999982,204.39999999999964
RU:1,Fog:1,412,5932.799999999972,132.19999999999982,204.39999999999964
RU:2,Fog:2,412,5932.799999999972,132.19999999999982,204.39999999999964
RU:3,Fog:3,412,5932.799999999972,132.19999999999982,204.39999999999964
RU:0,Fog:0,413,5947.199999999972,132.19999999999982,204.39999999999964
RU:1,Fog:1,413,5947.199999999972,132.19999999999982,204.39999999999964
RU:2,Fog:2,413,5947.199999999972,132.19999999999982,204.39999999999964
RU:3,Fog:3,413,5947.199999999972,132.19999999999982,204.39999999999964
RU:0,Fog:0,414,5961.599999999971,132.19999999999982,204.39999999999964
RU:1,Fog:1,414,5961.599999999971,132.19999999999982,204.39999999999964
RU:2,Fog:2,414,5961.599999999971,132.19999999999982,204.39999999999964
RU:3,Fog:3,414,5961.599999999971,132.19999999999982,204.39999999999964
RU:0,Fog:0,415,5975.999999999971,132.19999999999982,204.39999999999964
RU:1,Fog:1,415,5975.999999999971,132.19999999999982,204.39999999999964
RU:2,Fog:2,415,5975.999999999971,132.19999999999982,204.39999999999964
RU:3,Fog:3,415,5975.999999999971,132.19999999999982,204.39999999999964
RU:0,Fog:0,416,5990.3999999999705,132.19999999999982,204.39999999999964
RU:1,Fog:1,416,5990.3999999999705,132.19999999999982,204.39999999999964
RU:2,Fog:2,416,5990.3999999999705,132.19999999999982,204.39999999999964
RU:3,Fog:3,416,5990.3999999999705,132.19999999999982,204.39999999999964
RU:0,Fog:0,417,6004.79999999997,132.19999999999982,204.39999999999964
RU:1,Fog:1,417,6004.79999999997,132.19999999999982,204.39999999999964
RU:2,Fog:2,417,6004.79999999997,132.19999999999982,204.39999999999964
RU:3,Fog:3,417,6004.79999999997,132.19999999999982,204.39999999999964
RU:0,Fog:0,418,6019.19999999997,132.19999999999982,204.39999999999964
RU:1,Fog:1,418,6019.19999999997,132.19999999999982,204.39999999999964
RU:2,Fog:2,418,6019.19999999997,132.19999999999982,204.39999999999964
RU:3,Fog:3,418,6019.19999999997,132.19999999999982,204.39999999999964
RU:0,Fog:0,419,6033.599999999969,132.19999999999982,204.39999999999964
RU:1,Fog:1,419,6033.599999999969,132.19999999999982,204.39999999999964
RU:2,Fog:2,419,6033.599999999969,132.19999999999982,204.39999999999964
RU:3,Fog:3,419,6033.599999999969,132.19999999999982,204.39999999999964
RU:0,Fog:0,420,6047.999999999969,132.19999999999982,204.39999999999964
RU:1,Fog:1,420,6047.999999999969,132.19999999999982,204.39999999999964
RU:2,Fog:2,420,6047.999999999969,132.19999999999982,204.39999999999964
RU:3,Fog:3,420,6047.999999999969,132.19999999999982,204.39999999999964
RU:0,Fog:0,421,6062.399999999969,132.19999999999982,204.39999999999964
RU:1,Fog:1,421,6062.399999999969,132.19999999999982,204.39999999999964
RU:2,Fog:2,421,6062.399999999969,132.19999999999982,204.39999999999964
RU:3,Fog:3,421,6062.399999999969,132.19999999999982,204.39999999999964
RU:0,Fog:0,422,6076.799999999968,132.19999999999982,204.39999999999964
RU:1,Fog:1,422,6076.799999999968,132.19999999999982,204.39999999999964
RU:2,Fog:2,422,6076.799999999968,132.19999999999982,204.39999999999964
RU:3,Fog:3,422,6076.799999999968,132.19999999999982,204.39999999999964
RU:0,Fog:0,423,6091.199999999968,132.19999999999982,204.39999999999964
RU:1,Fog:1,423,6091.199999999968,132.19999999999982,204.39999999999964
RU:2,Fog:2,423,6091.199999999968,132.19999999999982,204.39999999999964
RU:3,Fog:3,423,6091.199999999968,132.19999999999982,204.39999999999964
RU:0,Fog:0,424,6105.599999999968,132.19999999999982,204.39999999999964
RU:1,Fog:1,424,6105.599999999968,132.19999999999982,204.39999999999964
RU:2,Fog:2,424,6105.599999999968,132.19999999999982,204.39999999999964
RU:3,Fog:3,424,6105.599999999968,132.19999999999982,204.39999999999964
RU:0,Fog:0,425,6119.999999999967,132.19999999999982,204.39999999999964
RU:1,Fog:1,425,6119.999999999967,132.19999999999982,204.39999999999964
RU:2,Fog:2,425,6119.999999999967,132.19999999999982,204.39999999999964
RU:3,Fog:3,425,6119.999999999967,132.19999999999982,204.39999999999964
RU:0,Fog:0,426,6134.399999999967,132.19999999999982,204.39999999999964
RU:1,Fog:1,426,6134.399999999967,132.19999999999982,204.39999999999964
RU:2,Fog:2,426,6134.399999999967,132.19999999999982,204.39999999999964
RU:3,Fog:3,426,6134.399999999967,132.19999999999982,204.39999999999964
RU:0,Fog:0,427,6148.7999999999665,132.19999999999982,204.39999999999964
RU:1,Fog:1,427,6148.7999999999665,132.19999999999982,204.39999999999964
RU:2,Fog:2,427,6148.7999999999665,132.19999999999982,204.39999999999964
RU:3,Fog:3,427,6148.7999999999665,132.19999999999982,204.39999999999964
RU:0,Fog:0,428,6163.199999999966,132.19999999999982,204.39999999999964
RU:1,Fog:1,428,6163.199999999966,132.19999999999982,204.39999999999964
RU:2,Fog:2,428,6163.199999999966,132.19999999999982,204.39999999999964
RU:3,Fog:3,428,6163.199999999966,132.19999999999982,204.39999999999964
RU:0,Fog:0,429,6177.599999999966,132.19999999999982,204.39999999999964
RU:1,Fog:1,429,6177.599999999966,132.19999999999982,204.39999999999964
RU:2,Fog:2,429,6177.599999999966,132.19999999999982,204.39999999999964
RU:3,Fog:3,429,6177.599999999966,132.19999999999982,204.39999999999964
RU:0,Fog:0,430,6191.999999999965,132.19999999999982,204.39999999999964
RU:1,Fog:1,430,6191.999999999965,132.19999999999982,204.39999999999964
RU:2,Fog:2,430,6191.999999999965,132.19999999999982,204.39999999999964
RU:3,Fog:3,430,6191.999999999965,132.19999999999982,204.39999999999964
RU:0,Fog:0,431,6206.399999999965,132.19999999999982,204.39999999999964
RU:1,Fog:1,431,6206.399999999965,132.19999999999982,204.39999999999964
RU:2,Fog:2,431,6206.399999999965,132.19999999999982,204.39999999999964
RU:3,Fog:3,431,6206.399999999965,132.19999999999982,204.39999999999964
RU:0,Fog:0,432,6220.799999999965,132.19999999999982,204.39999999999964
RU:1,Fog:1,432,6220.799999999965,132.19999999999982,204.39999999999964
RU:2,Fog:2,432,6220.799999999965,132.19999999999982,204.39999999999964
RU:3,Fog:3,432,6220.799999999965,132.19999999999982,204.39999999999964
RU:0,Fog:0,433,6235.199999999964,132.19999999999982,204.39999999999964
RU:1,Fog:1,433,6235.199999999964,132.19999999999982,204.39999999999964
RU:2,Fog:2,433,6235.199999999964,132.19999999999982,204.39999999999964
RU:3,Fog:3,433,6235.199999999964,132.19999999999982,204.39999999999964
RU:0,Fog:0,434,6249.599999999964,132.19999999999982,204.39999999999964
RU:1,Fog:1,434,6249.599999999964,132.19999999999982,204.39999999999964
RU:2,Fog:2,434,6249.599999999964,132.19999999999982,204.39999999999964
RU:3,Fog:3,434,6249.599999999964,132.19999999999982,204.39999999999964
RU:0,Fog:0,435,6263.999999999964,132.19999999999982,204.39999999999964
RU:1,Fog:1,435,6263.999999999964,132.19999999999982,204.39999999999964
RU:2,Fog:2,435,6263.999999999964,132.19999999999982,204.39999999999964
RU:3,Fog:3,435,6263.999999999964,132.19999999999982,204.39999999999964
RU:0,Fog:0,436,6278.399999999963,132.19999999999982,204.39999999999964
RU:1,Fog:1,436,6278.399999999963,132.19999999999982,204.39999999999964
RU:2,Fog:2,436,6278.399999999963,132.19999999999982,204.39999999999964
RU:3,Fog:3,436,6278.399999999963,132.19999999999982,204.39999999999964
RU:0,Fog:0,437,6292.799999999963,132.19999999999982,204.39999999999964
RU:1,Fog:1,437,6292.799999999963,132.19999999999982,204.39999999999964
RU:2,Fog:2,437,6292.799999999963,132.19999999999982,204.39999999999964
RU:3,Fog:3,437,6292.799999999963,132.19999999999982,204.39999999999964
RU:0,Fog:0,438,6307.1999999999625,132.19999999999982,204.39999999999964
RU:1,Fog:1,438,6307.1999999999625,132.19999999999982,204.39999999999964
RU:2,Fog:2,438,6307.1999999999625,132.19999999999982,204.39999999999964
RU:3,Fog:3,438,6307.1999999999625,132.19999999999982,204.39999999999964
RU:0,Fog:0,439,6321.599999999962,132.19999999999982,204.39999999999964
RU:1,Fog:1,439,6321.599999999962,132.19999999999982,204.39999999999964
RU:2,Fog:2,439,6321.599999999962,132.19999999999982,204.39999999999964
RU:3,Fog:3,439,6321.599999999962,132.19999999999982,204.39999999999964
RU:0,Fog:0,440,6335.999999999962,132.19999999999982,204.39999999999964
RU:1,Fog:1,440,6335.999999999962,132.19999999999982,204.39999999999964
RU:2,Fog:2,440,6335.999999999962,132.19999999999982,204.39999999999964
RU:3,Fog:3,440,6335.999999999962,132.19999999999982,204.39999999999964
RU:0,Fog:0,441,6350.399999999961,132.19999999999982,204.39999999999964
RU:1,Fog:1,441,6350.399999999961,132.19999999999982,204.39999999999964
RU:2,Fog:2,441,6350.399999999961,132.19999999999982,204.39999999999964
RU:3,Fog:3,441,6350.399999999961,132.19999999999982,204.39999999999964
RU:0,Fog:0,442,6364.799999999961,132.19999999999982,204.39999999999964
RU:1,Fog:1,442,6364.799999999961,132.19999999999982,204.39999999999964
RU:2,Fog:2,442,6364.799999999961,132.19999999999982,204.39999999999964
RU:3,Fog:3,442,6364.799999999961,132.19999999999982,204.39999999999964
RU:0,Fog:0,443,6379.199999999961,132.19999999999982,204.39999999999964
RU:1,Fog:1,443,6379.199999999961,132.19999999999982,204.39999999999964
RU:2,Fog:2,443,6379.199999999961,132.19999999999982,204.39999999999964
RU:3,Fog:3,443,6379.199999999961,132.19999999999982,204.39999999999964
RU:0,Fog:0,444,6393.59999999996,132.19999999999982,204.39999999999964
RU:1,Fog:1,444,6393.59999999996,132.19999999999982,204.39999999999964
RU:2,Fog:2,444,6393.59999999996,132.19999999999982,204.39999999999964
RU:3,Fog:3,444,6393.59999999996,132.19999999999982,204.39999999999964
RU:0,Fog:0,445,6407.99999999996,132.19999999999982,204.39999999999964
RU:1,Fog:1,445,6407.99999999996,132.19999999999982,204.39999999999964
RU:2,Fog:2,445,6407.99999999996,132.19999999999982,204.39999999999964
RU:3,Fog:3,445,6407.99999999996,132.19999999999982,204.39999999999964
RU:0,Fog:0,446,6422.39999999996,132.19999999999982,204.39999999999964
RU:1,Fog:1,446,6422.39999999996,132.19999999999982,204.39999999999964
RU:2,Fog:2,446,6422.39999999996,132.19999999999982,204.39999999999964
RU:3,Fog:3,446,6422.39999999996,132.19999999999982,204.39999999999964
RU:0,Fog:0,447,6436.799999999959,132.19999999999982,204.39999999999964
RU:1,Fog:1,447,6436.799999999959,132.19999999999982,204.39999999999964
RU:2,Fog:2,447,6436.799999999959,132.19999999999982,204.39999999999964
RU:3,Fog:3,447,6436.799999999959,132.19999999999982,204.39999999999964
RU:0,Fog:0,448,6451.199999999959,132.19999999999982,204.39999999999964
RU:1,Fog:1,448,6451.199999999959,132.19999999999982,204.39999999999964
RU:2,Fog:2,448,6451.199999999959,132.19999999999982,204.39999999999964
RU:3,Fog:3,448,6451.199999999959,132.19999999999982,204.39999999999964
RU:0,Fog:0,449,6465.5999999999585,132.19999999999982,204.39999999999964
RU:1,Fog:1,449,6465.5999999999585,132.19999999999982,204.39999999999964
RU:2,Fog:2,449,6465.5999999999585,132.19999999999982,204.39999999999964
RU:3,Fog:3,449,6465.5999999999585,132.19999999999982,204.39999999999964
RU:0,Fog:0,450,6479.999999999958,132.19999999999982,204.39999999999964
RU:1,Fog:1,450,6479.999999999958,132.19999999999982,204.39999999999964
RU:2,Fog:2,450,6479.999999999958,132.19999999999982,204.39999999999964
RU:3,Fog:3,450,6479.999999999958,132.19999999999982,204.39999999999964
RU:0,Fog:0,451,6494.399999999958,132.19999999999982,204.39999999999964
RU:1,Fog:1,451,6494.399999999958,132.19999999999982,204.39999999999964
RU:2,Fog:2,451,6494.399999999958,132.19999999999982,204.39999999999964
RU:3,Fog:3,451,6494.399999999958,132.19999999999982,204.39999999999964
RU:0,Fog:0,452,6508.799999999957,132.19999999999982,204.39999999999964
RU:1,Fog:1,452,6508.799999999957,132.19999999999982,204.39999999999964
RU:2,Fog:2,452,6508.799999999957,132.19999999999982,204.39999999999964
RU:3,Fog:3,452,6508.799999999957,132.19999999999982,204.39999999999964
RU:0,Fog:0,453,6523.199999999957,132.19999999999982,204.39999999999964
RU:1,Fog:1,453,6523.199999999957,132.19999999999982,204.39999999999964
RU:2,Fog:2,453,6523.199999999957,132.19999999999982,204.39999999999964
RU:3,Fog:3,453,6523.199999999957,132.19999999999982,204.39999999999964
RU:0,Fog:0,454,6537.599999999957,132.19999999999982,204.39999999999964
RU:1,Fog:1,454,6537.599999999957,132.19999999999982,204.39999999999964
RU:2,Fog:2,454,6537.599999999957,132.19999999999982,204.39999999999964
RU:3,Fog:3,454,6537.599999999957,132.19999999999982,204.39999999999964
RU:0,Fog:0,455,6551.999999999956,132.19999999999982,204.39999999999964
RU:1,Fog:1,455,6551.999999999956,132.19999999999982,204.39999999999964
RU:2,Fog:2,455,6551.999999999956,132.19999999999982,204.39999999999964
RU:3,Fog:3,455,6551.999999999956,132.19999999999982,204.39999999999964
RU:0,Fog:0,456,6566.399999999956,132.19999999999982,204.39999999999964
RU:1,Fog:1,456,6566.399999999956,132.19999999999982,204.39999999999964
RU:2,Fog:2,456,6566.399999999956,132.19999999999982,204.39999999999964
RU:3,Fog:3,456,6566.399999999956,132.19999999999982,204.39999999999964
RU:0,Fog:0,457,6580.799999999956,132.19999999999982,204.39999999999964
RU:1,Fog:1,457,6580.799999999956,132.19999999999982,204.39999999999964
RU:2,Fog:2,457,6580.799999999956,132.19999999999982,204.39999999999964
RU:3,Fog:3,457,6580.799999999956,132.19999999999982,204.39999999999964
RU:0,Fog:0,458,6595.199999999955,132.19999999999982,204.39999999999964
RU:1,Fog:1,458,6595.199999999955,132.19999999999982,204.39999999999964
RU:2,Fog:2,458,6595.199999999955,132.19999999999982,204.39999999999964
RU:3,Fog:3,458,6595.199999999955,132.19999999999982,204.39999999999964
RU:0,Fog:0,459,6609.599999999955,132.19999999999982,204.39999999999964
RU:1,Fog:1,459,6609.599999999955,132.19999999999982,204.39999999999964
RU:2,Fog:2,459,6609.599999999955,132.19999999999982,204.39999999999964
RU:3,Fog:3,459,6609.599999999955,132.19999999999982,204.39999999999964
RU:0,Fog:0,460,6623.9999999999545,132.19999999999982,204.39999999999964
RU:1,Fog:1,460,6623.9999999999545,132.19999999999982,204.39999999999964
RU:2,Fog:2,460,6623.9999999999545,132.19999999999982,204.39999999999964
RU:3,Fog:3,460,6623.9999999999545,132.19999999999982,204.39999999999964
RU:0,Fog:0,461,6638.399999999954,132.19999999999982,204.39999999999964
RU:1,Fog:1,461,6638.399999999954,132.19999999999982,204.39999999999964
RU:2,Fog:2,461,6638.399999999954,132.19999999999982,204.39999999999964
RU:3,Fog:3,461,6638.399999999954,132.19999999999982,204.39999999999964
RU:0,Fog:0,462,6652.799999999954,132.19999999999982,204.39999999999964
RU:1,Fog:1,462,6652.799999999954,132.19999999999982,204.39999999999964
RU:2,Fog:2,462,6652.799999999954,132.19999999999982,204.39999999999964
RU:3,Fog:3,462,6652.799999999954,132.19999999999982,204.39999999999964
RU:0,Fog:0,463,6667.199999999953,132.19999999999982,204.39999999999964
RU:1,Fog:1,463,6667.199999999953,132.19999999999982,204.39999999999964
RU:2,Fog:2,463,6667.199999999953,132.19999999999982,204.39999999999964
RU:3,Fog:3,463,6667.199999999953,132.19999999999982,204.39999999999964
RU:0,Fog:0,464,6681.599999999953,132.19999999999982,204.39999999999964
RU:1,Fog:1,464,6681.599999999953,132.19999999999982,204.39999999999964
RU:2,Fog:2,464,6681.599999999953,132.19999999999982,204.39999999999964
RU:3,Fog:3,464,6681.599999999953,132.19999999999982,204.39999999999964
RU:0,Fog:0,465,6695.999999999953,132.19999999999982,204.39999999999964
RU:1,Fog:1,465,6695.999999999953,132.19999999999982,204.39999999999964
RU:2,Fog:2,465,6695.999999999953,132.19999999999982,204.39999999999964
RU:3,Fog:3,465,6695.999999999953,132.19999999999982,204.39999999999964
RU:0,Fog:0,466,6710.399999999952,132.19999999999982,204.39999999999964
RU:1,Fog:1,466,6710.399999999952,132.19999999999982,204.39999999999964
RU:2,Fog:2,466,6710.399999999952,132.19999999999982,204.39999999999964
RU:3,Fog:3,466,6710.399999999952,132.19999999999982,204.39999999999964
RU:0,Fog:0,467,6724.799999999952,132.19999999999982,204.39999999999964
RU:1,Fog:1,467,6724.799999999952,132.19999999999982,204.39999999999964
RU:2,Fog:2,467,6724.799999999952,132.19999999999982,204.39999999999964
RU:3,Fog:3,467,6724.799999999952,132.19999999999982,204.39999999999964
RU:0,Fog:0,468,6739.199999999952,132.19999999999982,204.39999999999964
RU:1,Fog:1,468,6739.199999999952,132.19999999999982,204.39999999999964
RU:2,Fog:2,468,6739.199999999952,132.19999999999982,204.39999999999964
RU:3,Fog:3,468,6739.199999999952,132.19999999999982,204.39999999999964
RU:0,Fog:0,469,6753.599999999951,132.19999999999982,204.39999999999964
RU:1,Fog:1,469,6753.599999999951,132.19999999999982,204.39999999999964
RU:2,Fog:2,469,6753.599999999951,132.19999999999982,204.39999999999964
RU:3,Fog:3,469,6753.599999999951,132.19999999999982,204.39999999999964
RU:0,Fog:0,470,6767.999999999951,132.19999999999982,204.39999999999964
RU:1,Fog:1,470,6767.999999999951,132.19999999999982,204.39999999999964
RU:2,Fog:2,470,6767.999999999951,132.19999999999982,204.39999999999964
RU:3,Fog:3,470,6767.999999999951,132.19999999999982,204.39999999999964
RU:0,Fog:0,471,6782.3999999999505,132.19999999999982,204.39999999999964
RU:1,Fog:1,471,6782.3999999999505,132.19999999999982,204.39999999999964
RU:2,Fog:2,471,6782.3999999999505,132.19999999999982,204.39999999999964
RU:3,Fog:3,471,6782.3999999999505,132.19999999999982,204.39999999999964
RU:0,Fog:0,472,6796.79999999995,132.19999999999982,204.39999999999964
RU:1,Fog:1,472,6796.79999999995,132.19999999999982,204.39999999999964
RU:2,Fog:2,472,6796.79999999995,132.19999999999982,204.39999999999964
RU:3,Fog:3,472,6796.79999999995,132.19999999999982,204.39999999999964
RU:0,Fog:0,473,6811.19999999995,132.19999999999982,204.39999999999964
RU:1,Fog:1,473,6811.19999999995,132.19999999999982,204.39999999999964
RU:2,Fog:2,473,6811.19999999995,132.19999999999982,204.39999999999964
RU:3,Fog:3,473,6811.19999999995,132.19999999999982,204.39999999999964
RU:0,Fog:0,474,6825.599999999949,132.19999999999982,204.39999999999964
RU:1,Fog:1,474,6825.599999999949,132.19999999999982,204.39999999999964
RU:2,Fog:2,474,6825.599999999949,132.19999999999982,204.39999999999964
RU:3,Fog:3,474,6825.599999999949,132.19999999999982,204.39999999999964
RU:0,Fog:0,475,6839.999999999949,132.19999999999982,204.39999999999964
RU:1,Fog:1,475,6839.999999999949,132.19999999999982,204.39999999999964
RU:2,Fog:2,475,6839.999999999949,132.19999999999982,204.39999999999964
RU:3,Fog:3,475,6839.999999999949,132.19999999999982,204.39999999999964
RU:0,Fog:0,476,6854.399999999949,132.19999999999982,204.39999999999964
RU:1,Fog:1,476,6854.399999999949,132.19999999999982,204.39999999999964
RU:2,Fog:2,476,6854.399999999949,132.19999999999982,204.39999999999964
RU:3,Fog:3,476,6854.399999999949,132.19999999999982,204.39999999999964
RU:0,Fog:0,477,6868.799999999948,132.19999999999982,204.39999999999964
RU:1,Fog:1,477,6868.799999999948,132.19999999999982,204.39999999999964
RU:2,Fog:2,477,6868.799999999948,132.19999999999982,204.39999999999964
RU:3,Fog:3,477,6868.799999999948,132.19999999999982,204.39999999999964
RU:0,Fog:0,478,6883.199999999948,132.19999999999982,204.39999999999964
RU:1,Fog:1,478,6883.199999999948,132.19999999999982,204.39999999999964
RU:2,Fog:2,478,6883.199999999948,132.19999999999982,204.39999999999964
RU:3,Fog:3,478,6883.199999999948,132.19999999999982,204.39999999999964
RU:0,Fog:0,479,6897.599999999948,132.19999999999982,204.39999999999964
RU:1,Fog:1,479,6897.599999999948,132.19999999999982,204.39999999999964
RU:2,Fog:2,479,6897.599999999948,132.19999999999982,204.39999999999964
RU:3,Fog:3,479,6897.599999999948,132.19999999999982,204.39999999999964
RU:0,Fog:0,480,6911.999999999947,132.19999999999982,204.39999999999964
RU:1,Fog:1,480,6911.999999999947,132.19999999999982,204.39999999999964
RU:2,Fog:2,480,6911.999999999947,132.19999999999982,204.39999999999964
RU:3,Fog:3,480,6911.999999999947,132.19999999999982,204.39999999999964
RU:0,Fog:0,481,6926.399999999947,132.19999999999982,204.39999999999964
RU:1,Fog:1,481,6926.399999999947,132.19999999999982,204.39999999999964
RU:2,Fog:2,481,6926.399999999947,132.19999999999982,204.39999999999964
RU:3,Fog:3,481,6926.399999999947,132.19999999999982,204.39999999999964
RU:0,Fog:0,482,6940.7999999999465,132.19999999999982,204.39999999999964
RU:1,Fog:1,482,6940.7999999999465,132.19999999999982,204.39999999999964
RU:2,Fog:2,482,6940.7999999999465,132.19999999999982,204.39999999999964
RU:3,Fog:3,482,6940.7999999999465,132.19999999999982,204.39999999999964
RU:0,Fog:0,483,6955.199999999946,132.19999999999982,204.39999999999964
RU:1,Fog:1,483,6955.199999999946,132.19999999999982,204.39999999999964
RU:2,Fog:2,483,6955.199999999946,132.19999999999982,204.39999999999964
RU:3,Fog:3,483,6955.199999999946,132.19999999999982,204.39999999999964
RU:0,Fog:0,484,6969.599999999946,132.19999999999982,204.39999999999964
RU:1,Fog:1,484,6969.599999999946,132.19999999999982,204.39999999999964
RU:2,Fog:2,484,6969.599999999946,132.19999999999982,204.39999999999964
RU:3,Fog:3,484,6969.599999999946,132.19999999999982,204.39999999999964
RU:0,Fog:0,485,6983.999999999945,132.19999999999982,204.39999999999964
RU:1,Fog:1,485,6983.999999999945,132.19999999999982,204.39999999999964
RU:2,Fog:2,485,6983.999999999945,132.19999999999982,204.39999999999964
RU:3,Fog:3,485,6983.999999999945,132.19999999999982,204.39999999999964
RU:0,Fog:0,486,6998.399999999945,132.19999999999982,204.39999999999964
RU:1,Fog:1,486,6998.399999999945,132.19999999999982,204.39999999999964
RU:2,Fog:2,486,6998.399999999945,132.19999999999982,204.39999999999964
RU:3,Fog:3,486,6998.399999999945,132.19999999999982,204.39999999999964
RU:0,Fog:0,487,7012.799999999945,132.19999999999982,204.39999999999964
RU:1,Fog:1,487,7012.799999999945,132.19999999999982,204.39999999999964
RU:2,Fog:2,487,7012.799999999945,132.19999999999982,204.39999999999964
RU:3,Fog:3,487,7012.799999999945,132.19999999999982,204.39999999999964
RU:0,Fog:0,488,7027.199999999944,132.19999999999982,204.39999999999964
RU:1,Fog:1,488,7027.199999999944,132.19999999999982,204.39999999999964
RU:2,Fog:2,488,7027.199999999944,132.19999999999982,204.39999999999964
RU:3,Fog:3,488,7027.199999999944,132.19999999999982,204.39999999999964
RU:0,Fog:0,489,7041.599999999944,132.19999999999982,204.39999999999964
RU:1,Fog:1,489,7041.599999999944,132.19999999999982,204.39999999999964
RU:2,Fog:2,489,7041.599999999944,132.19999999999982,204.39999999999964
RU:3,Fog:3,489,7041.599999999944,132.19999999999982,204.39999999999964
RU:0,Fog:0,490,7055.999999999944,132.19999999999982,204.39999999999964
RU:1,Fog:1,490,7055.999999999944,132.19999999999982,204.39999999999964
RU:2,Fog:2,490,7055.999999999944,132.19999999999982,204.39999999999964
RU:3,Fog:3,490,7055.999999999944,132.19999999999982,204.39999999999964
RU:0,Fog:0,491,7070.399999999943,132.19999999999982,204.39999999999964
RU:1,Fog:1,491,7070.399999999943,132.19999999999982,204.39999999999964
RU:2,Fog:2,491,7070.399999999943,132.19999999999982,204.39999999999964
RU:3,Fog:3,491,7070.399999999943,132.19999999999982,204.39999999999964
RU:0,Fog:0,492,7084.799999999943,132.19999999999982,204.39999999999964
RU:1,Fog:1,492,7084.799999999943,132.19999999999982,204.39999999999964
RU:2,Fog:2,492,7084.799999999943,132.19999999999982,204.39999999999964
RU:3,Fog:3,492,7084.799999999943,132.19999999999982,204.39999999999964
RU:0,Fog:0,493,7099.1999999999425,132.19999999999982,204.39999999999964
RU:1,Fog:1,493,7099.1999999999425,132.19999999999982,204.39999999999964
RU:2,Fog:2,493,7099.1999999999425,132.19999999999982,204.39999999999964
RU:3,Fog:3,493,7099.1999999999425,132.19999999999982,204.39999999999964
RU:0,Fog:0,494,7113.599999999942,132.19999999999982,204.39999999999964
RU:1,Fog:1,494,7113.599999999942,132.19999999999982,204.39999999999964
RU:2,Fog:2,494,7113.599999999942,132.19999999999982,204.39999999999964
RU:3,Fog:3,494,7113.599999999942,132.19999999999982,204.39999999999964
RU:0,Fog:0,495,7127.999999999942,132.19999999999982,204.39999999999964
RU:1,Fog:1,495,7127.999999999942,132.19999999999982,204.39999999999964
RU:2,Fog:2,495,7127.999999999942,132.19999999999982,204.39999999999964
RU:3,Fog:3,495,7127.999999999942,132.19999999999982,204.39999999999964
RU:0,Fog:0,496,7142.399999999941,132.19999999999982,204.39999999999964
RU:1,Fog:1,496,7142.399999999941,132.19999999999982,204.39999999999964
RU:2,Fog:2,496,7142.399999999941,132.19999999999982,204.39999999999964
RU:3,Fog:3,496,7142.399999999941,132.19999999999982,204.39999999999964
RU:0,Fog:0,497,7156.799999999941,132.19999999999982,204.39999999999964
RU:1,Fog:1,497,7156.799999999941,132.19999999999982,204.39999999999964
RU:2,Fog:2,497,7156.799999999941,132.19999999999982,204.39999999999964
RU:3,Fog:3,497,7156.799999999941,132.19999999999982,204.39999999999964
RU:0,Fog:0,498,7171.199999999941,132.19999999999982,204.39999999999964
RU:1,Fog:1,498,7171.199999999941,132.19999999999982,204.39999999999964
RU:2,Fog:2,498,7171.199999999941,132.19999999999982,204.39999999999964
RU:3,Fog:3,498,7171.199999999941,132.19999999999982,204.39999999999964
RU:0,Fog:0,499,7185.59999999994,132.19999999999982,204.39999999999964
RU:1,Fog:1,499,7185.59999999994,132.19999999999982,204.39999999999964
RU:2,Fog:2,499,7185.59999999994,132.19999999999982,204.39999999999964
RU:3,Fog:3,499,7185.59999999994,132.19999999999982,204.39999999999964
RU:0,Fog:0,500,7199.99999999994,132.19999999999982,204.39999999999964
RU:1,Fog:1,500,7199.99999999994,132.19999999999982,204.39999999999964
RU:2,Fog:2,500,7199.99999999994,132.19999999999982,204.39999999999964
RU:3,Fog:3,500,7199.99999999994,132.19999999999982,204.39999999999964
RU:0,Fog:0,501,7214.39999999994,132.19999999999982,204.39999999999964
RU:1,Fog:1,501,7214.39999999994,132.19999999999982,204.39999999999964
RU:2,Fog:2,501,7214.39999999994,132.19999999999982,204.39999999999964
RU:3,Fog:3,501,7214.39999999994,132.19999999999982,204.39999999999964
RU:0,Fog:0,502,7228.799999999939,132.19999999999982,204.39999999999964
RU:1,Fog:1,502,7228.799999999939,132.19999999999982,204.39999999999964
RU:2,Fog:2,502,7228.799999999939,132.19999999999982,204.39999999999964
RU:3,Fog:3,502,7228.799999999939,132.19999999999982,204.39999999999964
RU:0,Fog:0,503,7243.199999999939,132.19999999999982,204.39999999999964
RU:1,Fog:1,503,7243.199999999939,132.19999999999982,204.39999999999964
RU:2,Fog:2,503,7243.199999999939,132.19999999999982,204.39999999999964
RU:3,Fog:3,503,7243.199999999939,132.19999999999982,204.39999999999964
RU:0,Fog:0,504,7257.5999999999385,132.19999999999982,204.39999999999964
RU:1,Fog:1,504,7257.5999999999385,132.19999999999982,204.39999999999964
RU:2,Fog:2,504,7257.5999999999385,132.19999999999982,204.39999999999964
RU:3,Fog:3,504,7257.5999999999385,132.19999999999982,204.39999999999964
RU:0,Fog:0,505,7271.999999999938,132.19999999999982,204.39999999999964
RU:1,Fog:1,505,7271.999999999938,132.19999999999982,204.39999999999964
RU:2,Fog:2,505,7271.999999999938,132.19999999999982,204.39999999999964
RU:3,Fog:3,505,7271.999999999938,132.19999999999982,204.39999999999964
RU:0,Fog:0,506,7286.399999999938,132.19999999999982,204.39999999999964
RU:1,Fog:1,506,7286.399999999938,132.19999999999982,204.39999999999964
RU:2,Fog:2,506,7286.399999999938,132.19999999999982,204.39999999999964
RU:3,Fog:3,506,7286.399999999938,132.19999999999982,204.39999999999964
RU:0,Fog:0,507,7300.799999999937,132.19999999999982,204.39999999999964
RU:1,Fog:1,507,7300.799999999937,132.19999999999982,204.39999999999964
RU:2,Fog:2,507,7300.799999999937,132.19999999999982,204.39999999999964
RU:3,Fog:3,507,7300.799999999937,132.19999999999982,204.39999999999964
RU:0,Fog:0,508,7315.199999999937,132.19999999999982,204.39999999999964
RU:1,Fog:1,508,7315.199999999937,132.19999999999982,204.39999999999964
RU:2,Fog:2,508,7315.199999999937,132.19999999999982,204.39999999999964
RU:3,Fog:3,508,7315.199999999937,132.19999999999982,204.39999999999964
RU:0,Fog:0,509,7329.599999999937,132.19999999999982,204.39999999999964
RU:1,Fog:1,509,7329.599999999937,132.19999999999982,204.39999999999964
RU:2,Fog:2,509,7329.599999999937,132.19999999999982,204.39999999999964
RU:3,Fog:3,509,7329.599999999937,132.19999999999982,204.39999999999964
RU:0,Fog:0,510,7343.999999999936,132.19999999999982,204.39999999999964
RU:1,Fog:1,510,7343.999999999936,132.19999999999982,204.39999999999964
RU:2,Fog:2,510,7343.999999999936,132.19999999999982,204.39999999999964
RU:3,Fog:3,510,7343.999999999936,132.19999999999982,204.39999999999964
RU:0,Fog:0,511,7358.399999999936,132.19999999999982,204.39999999999964
RU:1,Fog:1,511,7358.399999999936,132.19999999999982,204.39999999999964
RU:2,Fog:2,511,7358.399999999936,132.19999999999982,204.39999999999964
RU:3,Fog:3,511,7358.399999999936,132.19999999999982,204.39999999999964
RU:0,Fog:0,512,7372.799999999936,132.19999999999982,204.39999999999964
RU:1,Fog:1,512,7372.799999999936,132.19999999999982,204.39999999999964
RU:2,Fog:2,512,7372.799999999936,132.19999999999982,204.39999999999964
RU:3,Fog:3,512,7372.799999999936,132.19999999999982,204.39999999999964
RU:0,Fog:0,513,7387.199999999935,132.19999999999982,204.39999999999964
RU:1,Fog:1,513,7387.199999999935,132.19999999999982,204.39999999999964
RU:2,Fog:2,513,7387.199999999935,132.19999999999982,204.39999999999964
RU:3,Fog:3,513,7387.199999999935,132.19999999999982,204.39999999999964
RU:0,Fog:0,514,7401.599999999935,132.19999999999982,204.39999999999964
RU:1,Fog:1,514,7401.599999999935,132.19999999999982,204.39999999999964
RU:2,Fog:2,514,7401.599999999935,132.19999999999982,204.39999999999964
RU:3,Fog:3,514,7401.599999999935,132.19999999999982,204.39999999999964
RU:0,Fog:0,515,7415.9999999999345,132.19999999999982,204.39999999999964
RU:1,Fog:1,515,7415.9999999999345,132.19999999999982,204.39999999999964
RU:2,Fog:2,515,7415.9999999999345,132.19999999999982,204.39999999999964
RU:3,Fog:3,515,7415.9999999999345,132.19999999999982,204.39999999999964
RU:0,Fog:0,516,7430.399999999934,132.19999999999982,204.39999999999964
RU:1,Fog:1,516,7430.399999999934,132.19999999999982,204.39999999999964
RU:2,Fog:2,516,7430.399999999934,132.19999999999982,204.39999999999964
RU:3,Fog:3,516,7430.399999999934,132.19999999999982,204.39999999999964
RU:0,Fog:0,517,7444.799999999934,132.19999999999982,204.39999999999964
RU:1,Fog:1,517,7444.799999999934,132.19999999999982,204.39999999999964
RU:2,Fog:2,517,7444.799999999934,132.19999999999982,204.39999999999964
RU:3,Fog:3,517,7444.799999999934,132.19999999999982,204.39999999999964
RU:0,Fog:0,518,7459.199999999933,132.19999999999982,204.39999999999964
RU:1,Fog:1,518,7459.199999999933,132.19999999999982,204.39999999999964
RU:2,Fog:2,518,7459.199999999933,132.19999999999982,204.39999999999964
RU:3,Fog:3,518,7459.199999999933,132.19999999999982,204.39999999999964
RU:0,Fog:0,519,7473.599999999933,132.19999999999982,204.39999999999964
RU:1,Fog:1,519,7473.599999999933,132.19999999999982,204.39999999999964
RU:2,Fog:2,519,7473.599999999933,132.19999999999982,204.39999999999964
RU:3,Fog:3,519,7473.599999999933,132.19999999999982,204.39999999999964
RU:0,Fog:0,520,7487.999999999933,132.19999999999982,204.39999999999964
RU:1,Fog:1,520,7487.999999999933,132.19999999999982,204.39999999999964
RU:2,Fog:2,520,7487.999999999933,132.19999999999982,204.39999999999964
RU:3,Fog:3,520,7487.999999999933,132.19999999999982,204.39999999999964
RU:0,Fog:0,521,7502.399999999932,132.19999999999982,204.39999999999964
RU:1,Fog:1,521,7502.399999999932,132.19999999999982,204.39999999999964
RU:2,Fog:2,521,7502.399999999932,132.19999999999982,204.39999999999964
RU:3,Fog:3,521,7502.399999999932,132.19999999999982,204.39999999999964
RU:0,Fog:0,522,7516.799999999932,132.19999999999982,204.39999999999964
RU:1,Fog:1,522,7516.799999999932,132.19999999999982,204.39999999999964
RU:2,Fog:2,522,7516.799999999932,132.19999999999982,204.39999999999964
RU:3,Fog:3,522,7516.799999999932,132.19999999999982,204.39999999999964
RU:0,Fog:0,523,7531.199999999932,132.19999999999982,204.39999999999964
RU:1,Fog:1,523,7531.199999999932,132.19999999999982,204.39999999999964
RU:2,Fog:2,523,7531.199999999932,132.19999999999982,204.39999999999964
RU:3,Fog:3,523,7531.199999999932,132.19999999999982,204.39999999999964
RU:0,Fog:0,524,7545.599999999931,132.19999999999982,204.39999999999964
RU:1,Fog:1,524,7545.599999999931,132.19999999999982,204.39999999999964
RU:2,Fog:2,524,7545.599999999931,132.19999999999982,204.39999999999964
RU:3,Fog:3,524,7545.599999999931,132.19999999999982,204.39999999999964
RU:0,Fog:0,525,7559.999999999931,132.19999999999982,204.39999999999964
RU:1,Fog:1,525,7559.999999999931,132.19999999999982,204.39999999999964
RU:2,Fog:2,525,7559.999999999931,132.19999999999982,204.39999999999964
RU:3,Fog:3,525,7559.999999999931,132.19999999999982,204.39999999999964
RU:0,Fog:0,526,7574.3999999999305,132.19999999999982,204.39999999999964
RU:1,Fog:1,526,7574.3999999999305,132.19999999999982,204.39999999999964
RU:2,Fog:2,526,7574.3999999999305,132.19999999999982,204.39999999999964
RU:3,Fog:3,526,7574.3999999999305,132.19999999999982,204.39999999999964
RU:0,Fog:0,527,7588.79999999993,132.19999999999982,204.39999999999964
RU:1,Fog:1,527,7588.79999999993,132.19999999999982,204.39999999999964
RU:2,Fog:2,527,7588.79999999993,132.19999999999982,204.39999999999964
RU:3,Fog:3,527,7588.79999999993,132.19999999999982,204.39999999999964
RU:0,Fog:0,528,7603.19999999993,132.19999999999982,204.39999999999964
RU:1,Fog:1,528,7603.19999999993,132.19999999999982,204.39999999999964
RU:2,Fog:2,528,7603.19999999993,132.19999999999982,204.39999999999964
RU:3,Fog:3,528,7603.19999999993,132.19999999999982,204.39999999999964
RU:0,Fog:0,529,7617.599999999929,132.19999999999982,204.39999999999964
RU:1,Fog:1,529,7617.599999999929,132.19999999999982,204.39999999999964
RU:2,Fog:2,529,7617.599999999929,132.19999999999982,204.39999999999964
RU:3,Fog:3,529,7617.599999999929,132.19999999999982,204.39999999999964
RU:0,Fog:0,530,7631.999999999929,132.19999999999982,204.39999999999964
RU:1,Fog:1,530,7631.999999999929,132.19999999999982,204.39999999999964
RU:2,Fog:2,530,7631.999999999929,132.19999999999982,204.39999999999964
RU:3,Fog:3,530,7631.999999999929,132.19999999999982,204.39999999999964
RU:0,Fog:0,531,7646.399999999929,132.19999999999982,204.39999999999964
RU:1,Fog:1,531,7646.399999999929,132.19999999999982,204.39999999999964
RU:2,Fog:2,531,7646.399999999929,132.19999999999982,204.39999999999964
RU:3,Fog:3,531,7646.399999999929,132.19999999999982,204.39999999999964
RU:0,Fog:0,532,7660.799999999928,132.19999999999982,204.39999999999964
RU:1,Fog:1,532,7660.799999999928,132.19999999999982,204.39999999999964
RU:2,Fog:2,532,7660.799999999928,132.19999999999982,204.39999999999964
RU:3,Fog:3,532,7660.799999999928,132.19999999999982,204.39999999999964
RU:0,Fog:0,533,7675.199999999928,132.19999999999982,204.39999999999964
RU:1,Fog:1,533,7675.199999999928,132.19999999999982,204.39999999999964
RU:2,Fog:2,533,7675.199999999928,132.19999999999982,204.39999999999964
RU:3,Fog:3,533,7675.199999999928,132.19999999999982,204.39999999999964
RU:0,Fog:0,534,7689.599999999928,132.19999999999982,204.39999999999964
RU:1,Fog:1,534,7689.599999999928,132.19999999999982,204.39999999999964
RU:2,Fog:2,534,7689.599999999928,132.19999999999982,204.39999999999964
RU:3,Fog:3,534,7689.599999999928,132.19999999999982,204.39999999999964
RU:0,Fog:0,535,7703.999999999927,132.19999999999982,204.39999999999964
RU:1,Fog:1,535,7703.999999999927,132.19999999999982,204.39999999999964
RU:2,Fog:2,535,7703.999999999927,132.19999999999982,204.39999999999964
RU:3,Fog:3,535,7703.999999999927,132.19999999999982,204.39999999999964
RU:0,Fog:0,536,7718.399999999927,132.19999999999982,204.39999999999964
RU:1,Fog:1,536,7718.399999999927,132.19999999999982,204.39999999999964
RU:2,Fog:2,536,7718.399999999927,132.19999999999982,204.39999999999964
RU:3,Fog:3,536,7718.399999999927,132.19999999999982,204.39999999999964
RU:0,Fog:0,537,7732.7999999999265,132.19999999999982,204.39999999999964
RU:1,Fog:1,537,7732.7999999999265,132.19999999999982,204.39999999999964
RU:2,Fog:2,537,7732.7999999999265,132.19999999999982,204.39999999999964
RU:3,Fog:3,537,7732.7999999999265,132.19999999999982,204.39999999999964
RU:0,Fog:0,538,7747.199999999926,132.19999999999982,204.39999999999964
RU:1,Fog:1,538,7747.199999999926,132.19999999999982,204.39999999999964
RU:2,Fog:2,538,7747.199999999926,132.19999999999982,204.39999999999964
RU:3,Fog:3,538,7747.199999999926,132.19999999999982,204.39999999999964
RU:0,Fog:0,539,7761.599999999926,132.19999999999982,204.39999999999964
RU:1,Fog:1,539,7761.599999999926,132.19999999999982,204.39999999999964
RU:2,Fog:2,539,7761.599999999926,132.19999999999982,204.39999999999964
RU:3,Fog:3,539,7761.599999999926,132.19999999999982,204.39999999999964
RU:0,Fog:0,540,7775.999999999925,132.19999999999982,204.39999999999964
RU:1,Fog:1,540,7775.999999999925,132.19999999999982,204.39999999999964
RU:2,Fog:2,540,7775.999999999925,132.19999999999982,204.39999999999964
RU:3,Fog:3,540,7775.999999999925,132.19999999999982,204.39999999999964
RU:0,Fog:0,541,7790.399999999925,132.19999999999982,204.39999999999964
RU:1,Fog:1,541,7790.399999999925,132.19999999999982,204.39999999999964
RU:2,Fog:2,541,7790.399999999925,132.19999999999982,204.39999999999964
RU:3,Fog:3,541,7790.399999999925,132.19999999999982,204.39999999999964
RU:0,Fog:0,542,7804.799999999925,132.19999999999982,204.39999999999964
RU:1,Fog:1,542,7804.799999999925,132.19999999999982,204.39999999999964
RU:2,Fog:2,542,7804.799999999925,132.19999999999982,204.39999999999964
RU:3,Fog:3,542,7804.799999999925,132.19999999999982,204.39999999999964
RU:0,Fog:0,543,7819.199999999924,132.19999999999982,204.39999999999964
RU:1,Fog:1,543,7819.199999999924,132.19999999999982,204.39999999999964
RU:2,Fog:2,543,7819.199999999924,132.19999999999982,204.39999999999964
RU:3,Fog:3,543,7819.199999999924,132.19999999999982,204.39999999999964
RU:0,Fog:0,544,7833.599999999924,132.19999999999982,204.39999999999964
RU:1,Fog:1,544,7833.599999999924,132.19999999999982,204.39999999999964
RU:2,Fog:2,544,7833.599999999924,132.19999999999982,204.39999999999964
RU:3,Fog:3,544,7833.599999999924,132.19999999999982,204.39999999999964
RU:0,Fog:0,545,7847.999999999924,132.19999999999982,204.39999999999964
RU:1,Fog:1,545,7847.999999999924,132.19999999999982,204.39999999999964
RU:2,Fog:2,545,7847.999999999924,132.19999999999982,204.39999999999964
RU:3,Fog:3,545,7847.999999999924,132.19999999999982,204.39999999999964
RU:0,Fog:0,546,7862.399999999923,132.19999999999982,204.39999999999964
RU:1,Fog:1,546,7862.399999999923,132.19999999999982,204.39999999999964
RU:2,Fog:2,546,7862.399999999923,132.19999999999982,204.39999999999964
RU:3,Fog:3,546,7862.399999999923,132.19999999999982,204.39999999999964
RU:0,Fog:0,547,7876.799999999923,132.19999999999982,204.39999999999964
RU:1,Fog:1,547,7876.799999999923,132.19999999999982,204.39999999999964
RU:2,Fog:2,547,7876.799999999923,132.19999999999982,204.39999999999964
RU:3,Fog:3,547,7876.799999999923,132.19999999999982,204.39999999999964
RU:0,Fog:0,548,7891.1999999999225,132.19999999999982,204.39999999999964
RU:1,Fog:1,548,7891.1999999999225,132.19999999999982,204.39999999999964
RU:2,Fog:2,548,7891.1999999999225,132.19999999999982,204.39999999999964
RU:3,Fog:3,548,7891.1999999999225,132.19999999999982,204.39999999999964
RU:0,Fog:0,549,7905.599999999922,132.19999999999982,204.39999999999964
RU:1,Fog:1,549,7905.599999999922,132.19999999999982,204.39999999999964
RU:2,Fog:2,549,7905.599999999922,132.19999999999982,204.39999999999964
RU:3,Fog:3,549,7905.599999999922,132.19999999999982,204.39999999999964
RU:0,Fog:0,550,7919.999999999922,132.19999999999982,204.39999999999964
RU:1,Fog:1,550,7919.999999999922,132.19999999999982,204.39999999999964
RU:2,Fog:2,550,7919.999999999922,132.19999999999982,204.39999999999964
RU:3,Fog:3,550,7919.999999999922,132.19999999999982,204.39999999999964
RU:0,Fog:0,551,7934.399999999921,132.19999999999982,204.39999999999964
RU:1,Fog:1,551,7934.399999999921,132.19999999999982,204.39999999999964
RU:2,Fog:2,551,7934.399999999921,132.19999999999982,204.39999999999964
RU:3,Fog:3,551,7934.399999999921,132.19999999999982,204.39999999999964
RU:0,Fog:0,552,7948.799999999921,132.19999999999982,204.39999999999964
RU:1,Fog:1,552,7948.799999999921,132.19999999999982,204.39999999999964
RU:2,Fog:2,552,7948.799999999921,132.19999999999982,204.39999999999964
RU:3,Fog:3,552,7948.799999999921,132.19999999999982,204.39999999999964
RU:0,Fog:0,553,7963.199999999921,132.19999999999982,204.39999999999964
RU:1,Fog:1,553,7963.199999999921,132.19999999999982,204.39999999999964
RU:2,Fog:2,553,7963.199999999921,132.19999999999982,204.39999999999964
RU:3,Fog:3,553,7963.199999999921,132.19999999999982,204.39999999999964
RU:0,Fog:0,554,7977.59999999992,132.19999999999982,204.39999999999964
RU:1,Fog:1,554,7977.59999999992,132.19999999999982,204.39999999999964
RU:2,Fog:2,554,7977.59999999992,132.19999999999982,204.39999999999964
RU:3,Fog:3,554,7977.59999999992,132.19999999999982,204.39999999999964
RU:0,Fog:0,555,7991.99999999992,132.19999999999982,204.39999999999964
RU:1,Fog:1,555,7991.99999999992,132.19999999999982,204.39999999999964
RU:2,Fog:2,555,7991.99999999992,132.19999999999982,204.39999999999964
RU:3,Fog:3,555,7991.99999999992,132.19999999999982,204.39999999999964
RU:0,Fog:0,556,8006.39999999992,132.19999999999982,204.39999999999964
RU:1,Fog:1,556,8006.39999999992,132.19999999999982,204.39999999999964
RU:2,Fog:2,556,8006.39999999992,132.19999999999982,204.39999999999964
RU:3,Fog:3,556,8006.39999999992,132.19999999999982,204.39999999999964
RU:0,Fog:0,557,8020.799999999919,132.19999999999982,204.39999999999964
RU:1,Fog:1,557,8020.799999999919,132.19999999999982,204.39999999999964
RU:2,Fog:2,557,8020.799999999919,132.19999999999982,204.39999999999964
RU:3,Fog:3,557,8020.799999999919,132.19999999999982,204.39999999999964
RU:0,Fog:0,558,8035.199999999919,132.19999999999982,204.39999999999964
RU:1,Fog:1,558,8035.199999999919,132.19999999999982,204.39999999999964
RU:2,Fog:2,558,8035.199999999919,132.19999999999982,204.39999999999964
RU:3,Fog:3,558,8035.199999999919,132.19999999999982,204.39999999999964
RU:0,Fog:0,559,8049.5999999999185,132.19999999999982,204.39999999999964
RU:1,Fog:1,559,8049.5999999999185,132.19999999999982,204.39999999999964
RU:2,Fog:2,559,8049.5999999999185,132.19999999999982,204.39999999999964
RU:3,Fog:3,559,8049.5999999999185,132.19999999999982,204.39999999999964
RU:0,Fog:0,560,8063.999999999918,132.1999999999989,204.39999999999964
RU:1,Fog:1,560,8063.999999999918,132.1999999999989,204.39999999999964
RU:2,Fog:2,560,8063.999999999918,132.1999999999989,204.39999999999964
RU:3,Fog:3,560,8063.999999999918,132.1999999999989,204.39999999999964
RU:0,Fog:0,561,8078.399999999918,132.20000000000073,204.40000000000146
RU:1,Fog:1,561,8078.399999999918,132.20000000000073,204.40000000000146
RU:2,Fog:2,561,8078.399999999918,132.20000000000073,204.40000000000146
RU:3,Fog:3,561,8078.399999999918,132.20000000000073,204.40000000000146
RU:0,Fog:0,562,8092.799999999917,132.1999999999989,204.39999999999964
RU:1,Fog:1,562,8092.799999999917,132.1999999999989,204.39999999999964
RU:2,Fog:2,562,8092.799999999917,132.1999999999989,204.39999999999964
RU:3,Fog:3,562,8092.799999999917,132.1999999999989,204.39999999999964
RU:0,Fog:0,563,8107.199999999917,132.20000000000073,204.40000000000146
RU:1,Fog:1,563,8107.199999999917,132.20000000000073,204.40000000000146
RU:2,Fog:2,563,8107.199999999917,132.20000000000073,204.40000000000146
RU:3,Fog:3,563,8107.199999999917,132.20000000000073,204.40000000000146
RU:0,Fog:0,564,8121.599999999917,132.1999999999989,204.39999999999964
RU:1,Fog:1,564,8121.599999999917,132.1999999999989,204.39999999999964
RU:2,Fog:2,564,8121.599999999917,132.1999999999989,204.39999999999964
RU:3,Fog:3,564,8121.599999999917,132.1999999999989,204.39999999999964
RU:0,Fog:0,565,8135.999999999916,132.20000000000073,204.40000000000146
RU:1,Fog:1,565,8135.999999999916,132.20000000000073,204.40000000000146
RU:2,Fog:2,565,8135.999999999916,132.20000000000073,204.40000000000146
RU:3,Fog:3,565,8135.999999999916,132.20000000000073,204.40000000000146
RU:0,Fog:0,566,8150.399999999916,132.1999999999989,204.39999999999964
RU:1,Fog:1,566,8150.399999999916,132.1999999999989,204.39999999999964
RU:2,Fog:2,566,8150.399999999916,132.1999999999989,204.39999999999964
RU:3,Fog:3,566,8150.399999999916,132.1999999999989,204.39999999999964
RU:0,Fog:0,567,8164.799999999916,132.20000000000073,204.40000000000146
RU:1,Fog:1,567,8164.799999999916,132.20000000000073,204.40000000000146
RU:2,Fog:2,567,8164.799999999916,132.20000000000073,204.40000000000146
RU:3,Fog:3,567,8164.799999999916,132.20000000000073,204.40000000000146
RU:0,Fog:0,568,8179.199999999915,132.1999999999989,204.39999999999964
RU:1,Fog:1,568,8179.199999999915,132.1999999999989,204.39999999999964
RU:2,Fog:2,568,8179.199999999915,132.1999999999989,204.39999999999964
RU:3,Fog:3,568,8179.199999999915,132.1999999999989,204.39999999999964
RU:0,Fog:0,569,8193.599999999915,132.20000000000073,204.40000000000146
RU:1,Fog:1,569,8193.599999999915,132.20000000000073,204.40000000000146
RU:2,Fog:2,569,8193.599999999915,132.20000000000073,204.40000000000146
RU:3,Fog:3,569,8193.599999999915,132.20000000000073,204.40000000000146
RU:0,Fog:0,570,8207.999999999915,132.20000000000073,204.40000000000146
RU:1,Fog:1,570,8207.999999999915,132.20000000000073,204.40000000000146
RU:2,Fog:2,570,8207.999999999915,132.20000000000073,204.40000000000146
RU:3,Fog:3,570,8207.999999999915,132.20000000000073,204.40000000000146
RU:0,Fog:0,571,8222.399999999914,132.20000000000073,204.40000000000146
RU:1,Fog:1,571,8222.399999999914,132.20000000000073,204.40000000000146
RU:2,Fog:2,571,8222.399999999914,132.20000000000073,204.40000000000146
RU:3,Fog:3,571,8222.399999999914,132.20000000000073,204.40000000000146
RU:0,Fog:0,572,8236.799999999914,132.20000000000073,204.40000000000146
RU:1,Fog:1,572,8236.799999999914,132.20000000000073,204.40000000000146
RU:2,Fog:2,572,8236.799999999914,132.20000000000073,204.40000000000146
RU:3,Fog:3,572,8236.799999999914,132.20000000000073,204.40000000000146
RU:0,Fog:0,573,8251.199999999913,132.20000000000073,204.40000000000146
RU:1,Fog:1,573,8251.199999999913,132.20000000000073,204.40000000000146
RU:2,Fog:2,573,8251.199999999913,132.20000000000073,204.40000000000146
RU:3,Fog:3,573,8251.199999999913,132.20000000000073,204.40000000000146
RU:0,Fog:0,574,8265.599999999913,132.20000000000073,204.40000000000146
RU:1,Fog:1,574,8265.599999999913,132.20000000000073,204.40000000000146
RU:2,Fog:2,574,8265.599999999913,132.20000000000073,204.40000000000146
RU:3,Fog:3,574,8265.599999999913,132.20000000000073,204.40000000000146
RU:0,Fog:0,575,8279.999999999913,132.20000000000073,204.40000000000146
RU:1,Fog:1,575,8279.999999999913,132.20000000000073,204.40000000000146
RU:2,Fog:2,575,8279.999999999913,132.20000000000073,204.40000000000146
RU:3,Fog:3,575,8279.999999999913,132.20000000000073,204.40000000000146
RU:0,Fog:0,576,8294.399999999912,132.20000000000073,204.40000000000146
RU:1,Fog:1,576,8294.399999999912,132.20000000000073,204.40000000000146
RU:2,Fog:2,576,8294.399999999912,132.20000000000073,204.40000000000146
RU:3,Fog:3,576,8294.399999999912,132.20000000000073,204.40000000000146
RU:0,Fog:0,577,8308.799999999912,132.20000000000073,204.40000000000146
RU:1,Fog:1,577,8308.799999999912,132.20000000000073,204.40000000000146
RU:2,Fog:2,577,8308.799999999912,132.20000000000073,204.40000000000146
RU:3,Fog:3,577,8308.799999999912,132.20000000000073,204.40000000000146
RU:0,Fog:0,578,8323.199999999912,132.20000000000073,204.40000000000146
RU:1,Fog:1,578,8323.199999999912,132.20000000000073,204.40000000000146
RU:2,Fog:2,578,8323.199999999912,132.20000000000073,204.40000000000146
RU:3,Fog:3,578,8323.199999999912,132.20000000000073,204.40000000000146
RU:0,Fog:0,579,8337.599999999911,132.20000000000073,204.40000000000146
RU:1,Fog:1,579,8337.599999999911,132.20000000000073,204.40000000000146
RU:2,Fog:2,579,8337.599999999911,132.20000000000073,204.40000000000146
RU:3,Fog:3,579,8337.599999999911,132.20000000000073,204.40000000000146
RU:0,Fog:0,580,8351.99999999991,132.20000000000073,204.40000000000146
RU:1,Fog:1,580,8351.99999999991,132.20000000000073,204.40000000000146
RU:2,Fog:2,580,8351.99999999991,132.20000000000073,204.40000000000146
RU:3,Fog:3,580,8351.99999999991,132.20000000000073,204.40000000000146
RU:0,Fog:0,581,8366.39999999991,132.20000000000073,204.40000000000146
RU:1,Fog:1,581,8366.39999999991,132.20000000000073,204.40000000000146
RU:2,Fog:2,581,8366.39999999991,132.20000000000073,204.40000000000146
RU:3,Fog:3,581,8366.39999999991,132.20000000000073,204.40000000000146
RU:0,Fog:0,582,8380.79999999991,132.20000000000073,204.40000000000146
RU:1,Fog:1,582,8380.79999999991,132.20000000000073,204.40000000000146
RU:2,Fog:2,582,8380.79999999991,132.20000000000073,204.40000000000146
RU:3,Fog:3,582,8380.79999999991,132.20000000000073,204.40000000000146
RU:0,Fog:0,583,8395.19999999991,132.20000000000073,204.40000000000146
RU:1,Fog:1,583,8395.19999999991,132.20000000000073,204.40000000000146
RU:2,Fog:2,583,8395.19999999991,132.20000000000073,204.40000000000146
RU:3,Fog:3,583,8395.19999999991,132.20000000000073,204.40000000000146
RU:0,Fog:0,584,8409.59999999991,132.20000000000073,204.40000000000146
RU:1,Fog:1,584,8409.59999999991,132.20000000000073,204.40000000000146
RU:2,Fog:2,584,8409.59999999991,132.20000000000073,204.40000000000146
RU:3,Fog:3,584,8409.59999999991,132.20000000000073,204.40000000000146
RU:0,Fog:0,585,8423.999999999909,132.20000000000073,204.40000000000146
RU:1,Fog:1,585,8423.999999999909,132.20000000000073,204.40000000000146
RU:2,Fog:2,585,8423.999999999909,132.20000000000073,204.40000000000146
RU:3,Fog:3,585,8423.999999999909,132.20000000000073,204.40000000000146
RU:0,Fog:0,586,8438.399999999909,132.20000000000073,204.40000000000146
RU:1,Fog:1,586,8438.399999999909,132.20000000000073,204.40000000000146
RU:2,Fog:2,586,8438.399999999909,132.20000000000073,204.40000000000146
RU:3,Fog:3,586,8438.399999999909,132.20000000000073,204.40000000000146
RU:0,Fog:0,587,8452.799999999908,132.20000000000073,204.40000000000146
RU:1,Fog:1,587,8452.799999999908,132.20000000000073,204.40000000000146
RU:2,Fog:2,587,8452.799999999908,132.20000000000073,204.40000000000146
RU:3,Fog:3,587,8452.799999999908,132.20000000000073,204.40000000000146
RU:0,Fog:0,588,8467.199999999908,132.20000000000073,204.40000000000146
RU:1,Fog:1,588,8467.199999999908,132.20000000000073,204.40000000000146
RU:2,Fog:2,588,8467.199999999908,132.20000000000073,204.40000000000146
RU:3,Fog:3,588,8467.199999999908,132.20000000000073,204.40000000000146
RU:0,Fog:0,589,8481.599999999908,132.20000000000073,204.40000000000146
RU:1,Fog:1,589,8481.599999999908,132.20000000000073,204.40000000000146
RU:2,Fog:2,589,8481.599999999908,132.20000000000073,204.40000000000146
RU:3,Fog:3,589,8481.599999999908,132.20000000000073,204.40000000000146
RU:0,Fog:0,590,8495.999999999907,132.20000000000073,204.40000000000146
RU:1,Fog:1,590,8495.999999999907,132.20000000000073,204.40000000000146
RU:2,Fog:2,590,8495.999999999907,132.20000000000073,204.40000000000146
RU:3,Fog:3,590,8495.999999999907,132.20000000000073,204.40000000000146
RU:0,Fog:0,591,8510.399999999907,132.20000000000073,204.40000000000146
RU:1,Fog:1,591,8510.399999999907,132.20000000000073,204.40000000000146
RU:2,Fog:2,591,8510.399999999907,132.20000000000073,204.40000000000146
RU:3,Fog:3,591,8510.399999999907,132.20000000000073,204.40000000000146
RU:0,Fog:0,592,8524.799999999907,132.20000000000073,204.40000000000146
RU:1,Fog:1,592,8524.799999999907,132.20000000000073,204.40000000000146
RU:2,Fog:2,592,8524.799999999907,132.20000000000073,204.40000000000146
RU:3,Fog:3,592,8524.799999999907,132.20000000000073,204.40000000000146
RU:0,Fog:0,593,8539.199999999906,132.20000000000073,204.40000000000146
RU:1,Fog:1,593,8539.199999999906,132.20000000000073,204.40000000000146
RU:2,Fog:2,593,8539.199999999906,132.20000000000073,204.40000000000146
RU:3,Fog:3,593,8539.199999999906,132.20000000000073,204.40000000000146
RU:0,Fog:0,594,8553.599999999906,132.20000000000073,204.40000000000146
RU:1,Fog:1,594,8553.599999999906,132.20000000000073,204.40000000000146
RU:2,Fog:2,594,8553.599999999906,132.20000000000073,204.40000000000146
RU:3,Fog:3,594,8553.599999999906,132.20000000000073,204.40000000000146
RU:0,Fog:0,595,8567.999999999905,132.20000000000073,204.40000000000146
RU:1,Fog:1,595,8567.999999999905,132.20000000000073,204.40000000000146
RU:2,Fog:2,595,8567.999999999905,132.20000000000073,204.40000000000146
RU:3,Fog:3,595,8567.999999999905,132.20000000000073,204.40000000000146
RU:0,Fog:0,596,8582.399999999905,132.20000000000073,204.40000000000146
RU:1,Fog:1,596,8582.399999999905,132.20000000000073,204.40000000000146
RU:2,Fog:2,596,8582.399999999905,132.20000000000073,204.40000000000146
RU:3,Fog:3,596,8582.399999999905,132.20000000000073,204.40000000000146
RU:0,Fog:0,597,8596.799999999905,132.20000000000073,204.40000000000146
RU:1,Fog:1,597,8596.799999999905,132.20000000000073,204.40000000000146
RU:2,Fog:2,597,8596.799999999905,132.20000000000073,204.40000000000146
RU:3,Fog:3,597,8596.799999999905,132.20000000000073,204.40000000000146
RU:0,Fog:0,598,8611.199999999904,132.20000000000073,204.40000000000146
RU:1,Fog:1,598,8611.199999999904,132.20000000000073,204.40000000000146
RU:2,Fog:2,598,8611.199999999904,132.20000000000073,204.40000000000146
RU:3,Fog:3,598,8611.199999999904,132.20000000000073,204.40000000000146
RU:0,Fog:0,599,8625.599999999904,132.20000000000073,204.40000000000146
RU:1,Fog:1,599,8625.599999999904,132.20000000000073,204.40000000000146
RU:2,Fog:2,599,8625.599999999904,132.20000000000073,204.40000000000146
RU:3,Fog:3,599,8625.599999999904,132.20000000000073,204.40000000000146
RU:0,Fog:0,600,8639.999999999904,132.20000000000073,204.40000000000146
RU:1,Fog:1,600,8639.999999999904,132.20000000000073,204.40000000000146
RU:2,Fog:2,600,8639.999999999904,132.20000000000073,204.40000000000146
RU:3,Fog:3,600,8639.999999999904,132.20000000000073,204.40000000000146
RU:0,Fog:0,601,8654.399999999903,132.20000000000073,204.40000000000146
RU:1,Fog:1,601,8654.399999999903,132.20000000000073,204.40000000000146
RU:2,Fog:2,601,8654.399999999903,132.20000000000073,204.40000000000146
RU:3,Fog:3,601,8654.399999999903,132.20000000000073,204.40000000000146
RU:0,Fog:0,602,8668.799999999903,132.20000000000073,204.40000000000146
RU:1,Fog:1,602,8668.799999999903,132.20000000000073,204.40000000000146
RU:2,Fog:2,602,8668.799999999903,132.20000000000073,204.40000000000146
RU:3,Fog:3,602,8668.799999999903,132.20000000000073,204.40000000000146
RU:0,Fog:0,603,8683.199999999903,132.20000000000073,204.40000000000146
RU:1,Fog:1,603,8683.199999999903,132.20000000000073,204.40000000000146
RU:2,Fog:2,603,8683.199999999903,132.20000000000073,204.40000000000146
RU:3,Fog:3,603,8683.199999999903,132.20000000000073,204.40000000000146
RU:0,Fog:0,604,8697.599999999902,132.20000000000073,204.40000000000146
RU:1,Fog:1,604,8697.599999999902,132.20000000000073,204.40000000000146
RU:2,Fog:2,604,8697.599999999902,132.20000000000073,204.40000000000146
RU:3,Fog:3,604,8697.599999999902,132.20000000000073,204.40000000000146
RU:0,Fog:0,605,8711.999999999902,132.20000000000073,204.40000000000146
RU:1,Fog:1,605,8711.999999999902,132.20000000000073,204.40000000000146
RU:2,Fog:2,605,8711.999999999902,132.20000000000073,204.40000000000146
RU:3,Fog:3,605,8711.999999999902,132.20000000000073,204.40000000000146
RU:0,Fog:0,606,8726.399999999901,132.20000000000073,204.40000000000146
RU:1,Fog:1,606,8726.399999999901,132.20000000000073,204.40000000000146
RU:2,Fog:2,606,8726.399999999901,132.20000000000073,204.40000000000146
RU:3,Fog:3,606,8726.399999999901,132.20000000000073,204.40000000000146
RU:0,Fog:0,607,8740.799999999901,132.20000000000073,204.40000000000146
RU:1,Fog:1,607,8740.799999999901,132.20000000000073,204.40000000000146
RU:2,Fog:2,607,8740.799999999901,132.20000000000073,204.40000000000146
RU:3,Fog:3,607,8740.799999999901,132.20000000000073,204.40000000000146
RU:0,Fog:0,608,8755.1999999999,132.20000000000073,204.40000000000146
RU:1,Fog:1,608,8755.1999999999,132.20000000000073,204.40000000000146
RU:2,Fog:2,608,8755.1999999999,132.20000000000073,204.40000000000146
RU:3,Fog:3,608,8755.1999999999,132.20000000000073,204.40000000000146
RU:0,Fog:0,609,8769.5999999999,132.20000000000073,204.40000000000146
RU:1,Fog:1,609,8769.5999999999,132.20000000000073,204.40000000000146
RU:2,Fog:2,609,8769.5999999999,132.20000000000073,204.40000000000146
RU:3,Fog:3,609,8769.5999999999,132.20000000000073,204.40000000000146
RU:0,Fog:0,610,8783.9999999999,132.20000000000073,204.40000000000146
RU:1,Fog:1,610,8783.9999999999,132.20000000000073,204.40000000000146
RU:2,Fog:2,610,8783.9999999999,132.20000000000073,204.40000000000146
RU:3,Fog:3,610,8783.9999999999,132.20000000000073,204.40000000000146
RU:0,Fog:0,611,8798.3999999999,132.20000000000073,204.40000000000146
RU:1,Fog:1,611,8798.3999999999,132.20000000000073,204.40000000000146
RU:2,Fog:2,611,8798.3999999999,132.20000000000073,204.40000000000146
RU:3,Fog:3,611,8798.3999999999,132.20000000000073,204.40000000000146
RU:0,Fog:0,612,8812.7999999999,132.20000000000073,204.40000000000146
RU:1,Fog:1,612,8812.7999999999,132.20000000000073,204.40000000000146
RU:2,Fog:2,612,8812.7999999999,132.20000000000073,204.40000000000146
RU:3,Fog:3,612,8812.7999999999,132.20000000000073,204.40000000000146
RU:0,Fog:0,613,8827.199999999899,132.20000000000073,204.40000000000146
RU:1,Fog:1,613,8827.199999999899,132.20000000000073,204.40000000000146
RU:2,Fog:2,613,8827.199999999899,132.20000000000073,204.40000000000146
RU:3,Fog:3,613,8827.199999999899,132.20000000000073,204.40000000000146
RU:0,Fog:0,614,8841.599999999899,132.20000000000073,204.40000000000146
RU:1,Fog:1,614,8841.599999999899,132.20000000000073,204.40000000000146
RU:2,Fog:2,614,8841.599999999899,132.20000000000073,204.40000000000146
RU:3,Fog:3,614,8841.599999999899,132.20000000000073,204.40000000000146
RU:0,Fog:0,615,8855.999999999898,132.20000000000073,204.40000000000146
RU:1,Fog:1,615,8855.999999999898,132.20000000000073,204.40000000000146
RU:2,Fog:2,615,8855.999999999898,132.20000000000073,204.40000000000146
RU:3,Fog:3,615,8855.999999999898,132.20000000000073,204.40000000000146
RU:0,Fog:0,616,8870.399999999898,132.20000000000073,204.40000000000146
RU:1,Fog:1,616,8870.399999999898,132.20000000000073,204.40000000000146
RU:2,Fog:2,616,8870.399999999898,132.20000000000073,204.40000000000146
RU:3,Fog:3,616,8870.399999999898,132.20000000000073,204.40000000000146
RU:0,Fog:0,617,8884.799999999897,132.20000000000073,204.40000000000146
RU:1,Fog:1,617,8884.799999999897,132.20000000000073,204.40000000000146
RU:2,Fog:2,617,8884.799999999897,132.20000000000073,204.40000000000146
RU:3,Fog:3,617,8884.799999999897,132.20000000000073,204.40000000000146
RU:0,Fog:0,618,8899.199999999897,132.20000000000073,204.40000000000146
RU:1,Fog:1,618,8899.199999999897,132.20000000000073,204.40000000000146
RU:2,Fog:2,618,8899.199999999897,132.20000000000073,204.40000000000146
RU:3,Fog:3,618,8899.199999999897,132.20000000000073,204.40000000000146
RU:0,Fog:0,619,8913.599999999897,132.20000000000073,204.40000000000146
RU:1,Fog:1,619,8913.599999999897,132.20000000000073,204.40000000000146
RU:2,Fog:2,619,8913.599999999897,132.20000000000073,204.40000000000146
RU:3,Fog:3,619,8913.599999999897,132.20000000000073,204.40000000000146
RU:0,Fog:0,620,8927.999999999896,132.20000000000073,204.40000000000146
RU:1,Fog:1,620,8927.999999999896,132.20000000000073,204.40000000000146
RU:2,Fog:2,620,8927.999999999896,132.20000000000073,204.40000000000146
RU:3,Fog:3,620,8927.999999999896,132.20000000000073,204.40000000000146
RU:0,Fog:0,621,8942.399999999896,132.20000000000073,204.40000000000146
RU:1,Fog:1,621,8942.399999999896,132.20000000000073,204.40000000000146
RU:2,Fog:2,621,8942.399999999896,132.20000000000073,204.40000000000146
RU:3,Fog:3,621,8942.399999999896,132.20000000000073,204.40000000000146
RU:0,Fog:0,622,8956.799999999896,132.20000000000073,204.40000000000146
RU:1,Fog:1,622,8956.799999999896,132.20000000000073,204.40000000000146
RU:2,Fog:2,622,8956.799999999896,132.20000000000073,204.40000000000146
RU:3,Fog:3,622,8956.799999999896,132.20000000000073,204.40000000000146
RU:0,Fog:0,623,8971.199999999895,132.20000000000073,204.40000000000146
RU:1,Fog:1,623,8971.199999999895,132.20000000000073,204.40000000000146
RU:2,Fog:2,623,8971.199999999895,132.20000000000073,204.40000000000146
RU:3,Fog:3,623,8971.199999999895,132.20000000000073,204.40000000000146
RU:0,Fog:0,624,8985.599999999895,132.20000000000073,204.40000000000146
RU:1,Fog:1,624,8985.599999999895,132.20000000000073,204.40000000000146
RU:2,Fog:2,624,8985.599999999895,132.20000000000073,204.40000000000146
RU:3,Fog:3,624,8985.599999999895,132.20000000000073,204.40000000000146
RU:0,Fog:0,625,8999.999999999894,132.20000000000073,204.40000000000146
RU:1,Fog:1,625,8999.999999999894,132.20000000000073,204.40000000000146
RU:2,Fog:2,625,8999.999999999894,132.20000000000073,204.40000000000146
RU:3,Fog:3,625,8999.999999999894,132.20000000000073,204.40000000000146
RU:0,Fog:0,626,9014.399999999894,132.20000000000073,204.40000000000146
RU:1,Fog:1,626,9014.399999999894,132.20000000000073,204.40000000000146
RU:2,Fog:2,626,9014.399999999894,132.20000000000073,204.40000000000146
RU:3,Fog:3,626,9014.399999999894,132.20000000000073,204.40000000000146
RU:0,Fog:0,627,9028.799999999894,132.20000000000073,204.40000000000146
RU:1,Fog:1,627,9028.799999999894,132.20000000000073,204.40000000000146
RU:2,Fog:2,627,9028.799999999894,132.20000000000073,204.40000000000146
RU:3,Fog:3,627,9028.799999999894,132.20000000000073,204.40000000000146
RU:0,Fog:0,628,9043.199999999893,132.20000000000073,204.40000000000146
RU:1,Fog:1,628,9043.199999999893,132.20000000000073,204.40000000000146
RU:2,Fog:2,628,9043.199999999893,132.20000000000073,204.40000000000146
RU:3,Fog:3,628,9043.199999999893,132.20000000000073,204.40000000000146
RU:0,Fog:0,629,9057.599999999893,132.20000000000073,204.40000000000146
RU:1,Fog:1,629,9057.599999999893,132.20000000000073,204.40000000000146
RU:2,Fog:2,629,9057.599999999893,132.20000000000073,204.40000000000146
RU:3,Fog:3,629,9057.599999999893,132.20000000000073,204.40000000000146
RU:0,Fog:0,630,9071.999999999893,132.20000000000073,204.40000000000146
RU:1,Fog:1,630,9071.999999999893,132.20000000000073,204.40000000000146
RU:2,Fog:2,630,9071.999999999893,132.20000000000073,204.40000000000146
RU:3,Fog:3,630,9071.999999999893,132.20000000000073,204.40000000000146
RU:0,Fog:0,631,9086.399999999892,132.20000000000073,204.40000000000146
RU:1,Fog:1,631,9086.399999999892,132.20000000000073,204.40000000000146
RU:2,Fog:2,631,9086.399999999892,132.20000000000073,204.40000000000146
RU:3,Fog:3,631,9086.399999999892,132.20000000000073,204.40000000000146
RU:0,Fog:0,632,9100.799999999892,132.20000000000073,204.40000000000146
RU:1,Fog:1,632,9100.799999999892,132.20000000000073,204.40000000000146
RU:2,Fog:2,632,9100.799999999892,132.20000000000073,204.40000000000146
RU:3,Fog:3,632,9100.799999999892,132.20000000000073,204.40000000000146
RU:0,Fog:0,633,9115.199999999892,132.20000000000073,204.40000000000146
RU:1,Fog:1,633,9115.199999999892,132.20000000000073,204.40000000000146
RU:2,Fog:2,633,9115.199999999892,132.20000000000073,204.40000000000146
RU:3,Fog:3,633,9115.199999999892,132.20000000000073,204.40000000000146
RU:0,Fog:0,634,9129.599999999891,132.20000000000073,204.40000000000146
RU:1,Fog:1,634,9129.599999999891,132.20000000000073,204.40000000000146
RU:2,Fog:2,634,9129.599999999891,132.20000000000073,204.40000000000146
RU:3,Fog:3,634,9129.599999999891,132.20000000000073,204.40000000000146
RU:0,Fog:0,635,9143.99999999989,132.20000000000073,204.40000000000146
RU:1,Fog:1,635,9143.99999999989,132.20000000000073,204.40000000000146
RU:2,Fog:2,635,9143.99999999989,132.20000000000073,204.40000000000146
RU:3,Fog:3,635,9143.99999999989,132.20000000000073,204.40000000000146
RU:0,Fog:0,636,9158.39999999989,132.20000000000073,204.40000000000146
RU:1,Fog:1,636,9158.39999999989,132.20000000000073,204.40000000000146
RU:2,Fog:2,636,9158.39999999989,132.20000000000073,204.40000000000146
RU:3,Fog:3,636,9158.39999999989,132.20000000000073,204.40000000000146
RU:0,Fog:0,637,9172.79999999989,132.20000000000073,204.40000000000146
RU:1,Fog:1,637,9172.79999999989,132.20000000000073,204.40000000000146
RU:2,Fog:2,637,9172.79999999989,132.20000000000073,204.40000000000146
RU:3,Fog:3,637,9172.79999999989,132.20000000000073,204.40000000000146
RU:0,Fog:0,638,9187.19999999989,132.20000000000073,204.40000000000146
RU:1,Fog:1,638,9187.19999999989,132.20000000000073,204.40000000000146
RU:2,Fog:2,638,9187.19999999989,132.20000000000073,204.40000000000146
RU:3,Fog:3,638,9187.19999999989,132.20000000000073,204.40000000000146
RU:0,Fog:0,639,9201.59999999989,132.20000000000073,204.40000000000146
RU:1,Fog:1,639,9201.59999999989,132.20000000000073,204.40000000000146
RU:2,Fog:2,639,9201.59999999989,132.20000000000073,204.40000000000146
RU:3,Fog:3,639,9201.59999999989,132.20000000000073,204.40000000000146
RU:0,Fog:0,640,9215.999999999889,132.20000000000073,204.40000000000146
RU:1,Fog:1,640,9215.999999999889,132.20000000000073,204.40000000000146
RU:2,Fog:2,640,9215.999999999889,132.20000000000073,204.40000000000146
RU:3,Fog:3,640,9215.999999999889,132.20000000000073,204.40000000000146
RU:0,Fog:0,641,9230.399999999889,132.20000000000073,204.40000000000146
RU:1,Fog:1,641,9230.399999999889,132.20000000000073,204.40000000000146
RU:2,Fog:2,641,9230.399999999889,132.20000000000073,204.40000000000146
RU:3,Fog:3,641,9230.399999999889,132.20000000000073,204.40000000000146
RU:0,Fog:0,642,9244.799999999888,132.20000000000073,204.40000000000146
RU:1,Fog:1,642,9244.799999999888,132.20000000000073,204.40000000000146
RU:2,Fog:2,642,9244.799999999888,132.20000000000073,204.40000000000146
RU:3,Fog:3,642,9244.799999999888,132.20000000000073,204.40000000000146
RU:0,Fog:0,643,9259.199999999888,132.20000000000073,204.40000000000146
RU:1,Fog:1,643,9259.199999999888,132.20000000000073,204.40000000000146
RU:2,Fog:2,643,9259.199999999888,132.20000000000073,204.40000000000146
RU:3,Fog:3,643,9259.199999999888,132.20000000000073,204.40000000000146
RU:0,Fog:0,644,9273.599999999888,132.20000000000073,204.40000000000146
RU:1,Fog:1,644,9273.599999999888,132.20000000000073,204.40000000000146
RU:2,Fog:2,644,9273.599999999888,132.20000000000073,204.40000000000146
RU:3,Fog:3,644,9273.599999999888,132.20000000000073,204.40000000000146
RU:0,Fog:0,645,9287.999999999887,132.20000000000073,204.40000000000146
RU:1,Fog:1,645,9287.999999999887,132.20000000000073,204.40000000000146
RU:2,Fog:2,645,9287.999999999887,132.20000000000073,204.40000000000146
RU:3,Fog:3,645,9287.999999999887,132.20000000000073,204.40000000000146
RU:0,Fog:0,646,9302.399999999887,132.20000000000073,204.40000000000146
RU:1,Fog:1,646,9302.399999999887,132.20000000000073,204.40000000000146
RU:2,Fog:2,646,9302.399999999887,132.20000000000073,204.40000000000146
RU:3,Fog:3,646,9302.399999999887,132.20000000000073,204.40000000000146
RU:0,Fog:0,647,9316.799999999886,132.20000000000073,204.40000000000146
RU:1,Fog:1,647,9316.799999999886,132.20000000000073,204.40000000000146
RU:2,Fog:2,647,9316.799999999886,132.20000000000073,204.40000000000146
RU:3,Fog:3,647,9316.799999999886,132.20000000000073,204.40000000000146
RU:0,Fog:0,648,9331.199999999886,132.20000000000073,204.40000000000146
RU:1,Fog:1,648,9331.199999999886,132.20000000000073,204.40000000000146
RU:2,Fog:2,648,9331.199999999886,132.20000000000073,204.40000000000146
RU:3,Fog:3,648,9331.199999999886,132.20000000000073,204.40000000000146
RU:0,Fog:0,649,9345.599999999886,132.20000000000073,204.40000000000146
RU:1,Fog:1,649,9345.599999999886,132.20000000000073,204.40000000000146
RU:2,Fog:2,649,9345.599999999886,132.20000000000073,204.40000000000146
RU:3,Fog:3,649,9345.599999999886,132.20000000000073,204.40000000000146
RU:0,Fog:0,650,9359.999999999885,132.20000000000073,204.40000000000146
RU:1,Fog:1,650,9359.999999999885,132.20000000000073,204.40000000000146
RU:2,Fog:2,650,9359.999999999885,132.20000000000073,204.40000000000146
RU:3,Fog:3,650,9359.999999999885,132.20000000000073,204.40000000000146
RU:0,Fog:0,651,9374.399999999885,132.20000000000073,204.40000000000146
RU:1,Fog:1,651,9374.399999999885,132.20000000000073,204.40000000000146
RU:2,Fog:2,651,9374.399999999885,132.20000000000073,204.40000000000146
RU:3,Fog:3,651,9374.399999999885,132.20000000000073,204.40000000000146
RU:0,Fog:0,652,9388.799999999885,132.20000000000073,204.40000000000146
RU:1,Fog:1,652,9388.799999999885,132.20000000000073,204.40000000000146
RU:2,Fog:2,652,9388.799999999885,132.20000000000073,204.40000000000146
RU:3,Fog:3,652,9388.799999999885,132.20000000000073,204.40000000000146
RU:0,Fog:0,653,9403.199999999884,132.20000000000073,204.40000000000146
RU:1,Fog:1,653,9403.199999999884,132.20000000000073,204.40000000000146
RU:2,Fog:2,653,9403.199999999884,132.20000000000073,204.40000000000146
RU:3,Fog:3,653,9403.199999999884,132.20000000000073,204.40000000000146
RU:0,Fog:0,654,9417.599999999884,132.20000000000073,204.40000000000146
RU:1,Fog:1,654,9417.599999999884,132.20000000000073,204.40000000000146
RU:2,Fog:2,654,9417.599999999884,132.20000000000073,204.40000000000146
RU:3,Fog:3,654,9417.599999999884,132.20000000000073,204.40000000000146
RU:0,Fog:0,655,9431.999999999884,132.20000000000073,204.40000000000146
RU:1,Fog:1,655,9431.999999999884,132.20000000000073,204.40000000000146
RU:2,Fog:2,655,9431.999999999884,132.20000000000073,204.40000000000146
RU:3,Fog:3,655,9431.999999999884,132.20000000000073,204.40000000000146
RU:0,Fog:0,656,9446.399999999883,132.20000000000073,204.40000000000146
RU:1,Fog:1,656,9446.399999999883,132.20000000000073,204.40000000000146
RU:2,Fog:2,656,9446.399999999883,132.20000000000073,204.40000000000146
RU:3,Fog:3,656,9446.399999999883,132.20000000000073,204.40000000000146
RU:0,Fog:0,657,9460.799999999883,132.20000000000073,204.40000000000146
RU:1,Fog:1,657,9460.799999999883,132.20000000000073,204.40000000000146
RU:2,Fog:2,657,9460.799999999883,132.20000000000073,204.40000000000146
RU:3,Fog:3,657,9460.799999999883,132.20000000000073,204.40000000000146
RU:0,Fog:0,658,9475.199999999882,132.20000000000073,204.40000000000146
RU:1,Fog:1,658,9475.199999999882,132.20000000000073,204.40000000000146
RU:2,Fog:2,658,9475.199999999882,132.20000000000073,204.40000000000146
RU:3,Fog:3,658,9475.199999999882,132.20000000000073,204.40000000000146
RU:0,Fog:0,659,9489.599999999882,132.20000000000073,204.40000000000146
RU:1,Fog:1,659,9489.599999999882,132.20000000000073,204.40000000000146
RU:2,Fog:2,659,9489.599999999882,132.20000000000073,204.40000000000146
RU:3,Fog:3,659,9489.599999999882,132.20000000000073,204.40000000000146
RU:0,Fog:0,660,9503.999999999882,132.20000000000073,204.40000000000146
RU:1,Fog:1,660,9503.999999999882,132.20000000000073,204.40000000000146
RU:2,Fog:2,660,9503.999999999882,132.20000000000073,204.40000000000146
RU:3,Fog:3,660,9503.999999999882,132.20000000000073,204.40000000000146
RU:0,Fog:0,661,9518.399999999881,132.20000000000073,204.40000000000146
RU:1,Fog:1,661,9518.399999999881,132.20000000000073,204.40000000000146
RU:2,Fog:2,661,9518.399999999881,132.20000000000073,204.40000000000146
RU:3,Fog:3,661,9518.399999999881,132.20000000000073,204.40000000000146
RU:0,Fog:0,662,9532.799999999881,132.20000000000073,204.40000000000146
RU:1,Fog:1,662,9532.799999999881,132.20000000000073,204.40000000000146
RU:2,Fog:2,662,9532.799999999881,132.20000000000073,204.40000000000146
RU:3,Fog:3,662,9532.799999999881,132.20000000000073,204.40000000000146
RU:0,Fog:0,663,9547.19999999988,132.20000000000073,204.40000000000146
RU:1,Fog:1,663,9547.19999999988,132.20000000000073,204.40000000000146
RU:2,Fog:2,663,9547.19999999988,132.20000000000073,204.40000000000146
RU:3,Fog:3,663,9547.19999999988,132.20000000000073,204.40000000000146
RU:0,Fog:0,664,9561.59999999988,132.20000000000073,204.40000000000146
RU:1,Fog:1,664,9561.59999999988,132.20000000000073,204.40000000000146
RU:2,Fog:2,664,9561.59999999988,132.20000000000073,204.40000000000146
RU:3,Fog:3,664,9561.59999999988,132.20000000000073,204.40000000000146
RU:0,Fog:0,665,9575.99999999988,132.20000000000073,204.40000000000146
RU:1,Fog:1,665,9575.99999999988,132.20000000000073,204.40000000000146
RU:2,Fog:2,665,9575.99999999988,132.20000000000073,204.40000000000146
RU:3,Fog:3,665,9575.99999999988,132.20000000000073,204.40000000000146
RU:0,Fog:0,666,9590.39999999988,132.20000000000073,204.40000000000146
RU:1,Fog:1,666,9590.39999999988,132.20000000000073,204.40000000000146
RU:2,Fog:2,666,9590.39999999988,132.20000000000073,204.40000000000146
RU:3,Fog:3,666,9590.39999999988,132.20000000000073,204.40000000000146
RU:0,Fog:0,667,9604.79999999988,132.20000000000073,204.40000000000146
RU:1,Fog:1,667,9604.79999999988,132.20000000000073,204.40000000000146
RU:2,Fog:2,667,9604.79999999988,132.20000000000073,204.40000000000146
RU:3,Fog:3,667,9604.79999999988,132.20000000000073,204.40000000000146
RU:0,Fog:0,668,9619.199999999879,132.20000000000073,204.40000000000146
RU:1,Fog:1,668,9619.199999999879,132.20000000000073,204.40000000000146
RU:2,Fog:2,668,9619.199999999879,132.20000000000073,204.40000000000146
RU:3,Fog:3,668,9619.199999999879,132.20000000000073,204.40000000000146
RU:0,Fog:0,669,9633.599999999878,132.20000000000073,204.40000000000146
RU:1,Fog:1,669,9633.599999999878,132.20000000000073,204.40000000000146
RU:2,Fog:2,669,9633.599999999878,132.20000000000073,204.40000000000146
RU:3,Fog:3,669,9633.599999999878,132.20000000000073,204.40000000000146
RU:0,Fog:0,670,9647.999999999878,132.20000000000073,204.40000000000146
RU:1,Fog:1,670,9647.999999999878,132.20000000000073,204.40000000000146
RU:2,Fog:2,670,9647.999999999878,132.20000000000073,204.40000000000146
RU:3,Fog:3,670,9647.999999999878,132.20000000000073,204.40000000000146
RU:0,Fog:0,671,9662.399999999878,132.20000000000073,204.40000000000146
RU:1,Fog:1,671,9662.399999999878,132.20000000000073,204.40000000000146
RU:2,Fog:2,671,9662.399999999878,132.20000000000073,204.40000000000146
RU:3,Fog:3,671,9662.399999999878,132.20000000000073,204.40000000000146
RU:0,Fog:0,672,9676.799999999877,132.20000000000073,204.40000000000146
RU:1,Fog:1,672,9676.799999999877,132.20000000000073,204.40000000000146
RU:2,Fog:2,672,9676.799999999877,132.20000000000073,204.40000000000146
RU:3,Fog:3,672,9676.799999999877,132.20000000000073,204.40000000000146
RU:0,Fog:0,673,9691.199999999877,132.20000000000073,204.40000000000146
RU:1,Fog:1,673,9691.199999999877,132.20000000000073,204.40000000000146
RU:2,Fog:2,673,9691.199999999877,132.20000000000073,204.40000000000146
RU:3,Fog:3,673,9691.199999999877,132.20000000000073,204.40000000000146
RU:0,Fog:0,674,9705.599999999877,132.20000000000073,204.40000000000146
RU:1,Fog:1,674,9705.599999999877,132.20000000000073,204.40000000000146
RU:2,Fog:2,674,9705.599999999877,132.20000000000073,204.40000000000146
RU:3,Fog:3,674,9705.599999999877,132.20000000000073,204.40000000000146
RU:0,Fog:0,675,9719.999999999876,132.20000000000073,204.40000000000146
RU:1,Fog:1,675,9719.999999999876,132.20000000000073,204.40000000000146
RU:2,Fog:2,675,9719.999999999876,132.20000000000073,204.40000000000146
RU:3,Fog:3,675,9719.999999999876,132.20000000000073,204.40000000000146
RU:0,Fog:0,676,9734.399999999876,132.20000000000073,204.40000000000146
RU:1,Fog:1,676,9734.399999999876,132.20000000000073,204.40000000000146
RU:2,Fog:2,676,9734.399999999876,132.20000000000073,204.40000000000146
RU:3,Fog:3,676,9734.399999999876,132.20000000000073,204.40000000000146
RU:0,Fog:0,677,9748.799999999876,132.20000000000073,204.40000000000146
RU:1,Fog:1,677,9748.799999999876,132.20000000000073,204.40000000000146
RU:2,Fog:2,677,9748.799999999876,132.20000000000073,204.40000000000146
RU:3,Fog:3,677,9748.799999999876,132.20000000000073,204.40000000000146
RU:0,Fog:0,678,9763.199999999875,132.20000000000073,204.40000000000146
RU:1,Fog:1,678,9763.199999999875,132.20000000000073,204.40000000000146
RU:2,Fog:2,678,9763.199999999875,132.20000000000073,204.40000000000146
RU:3,Fog:3,678,9763.199999999875,132.20000000000073,204.40000000000146
RU:0,Fog:0,679,9777.599999999875,132.20000000000073,204.40000000000146
RU:1,Fog:1,679,9777.599999999875,132.20000000000073,204.40000000000146
RU:2,Fog:2,679,9777.599999999875,132.20000000000073,204.40000000000146
RU:3,Fog:3,679,9777.599999999875,132.20000000000073,204.40000000000146
RU:0,Fog:0,680,9791.999999999874,132.20000000000073,204.40000000000146
RU:1,Fog:1,680,9791.999999999874,132.20000000000073,204.40000000000146
RU:2,Fog:2,680,9791.999999999874,132.20000000000073,204.40000000000146
RU:3,Fog:3,680,9791.999999999874,132.20000000000073,204.40000000000146
RU:0,Fog:0,681,9806.399999999874,132.20000000000073,204.40000000000146
RU:1,Fog:1,681,9806.399999999874,132.20000000000073,204.40000000000146
RU:2,Fog:2,681,9806.399999999874,132.20000000000073,204.40000000000146
RU:3,Fog:3,681,9806.399999999874,132.20000000000073,204.40000000000146
RU:0,Fog:0,682,9820.799999999874,132.20000000000073,204.40000000000146
RU:1,Fog:1,682,9820.799999999874,132.20000000000073,204.40000000000146
RU:2,Fog:2,682,9820.799999999874,132.20000000000073,204.40000000000146
RU:3,Fog:3,682,9820.799999999874,132.20000000000073,204.40000000000146
RU:0,Fog:0,683,9835.199999999873,132.20000000000073,204.40000000000146
RU:1,Fog:1,683,9835.199999999873,132.20000000000073,204.40000000000146
RU:2,Fog:2,683,9835.199999999873,132.20000000000073,204.40000000000146
RU:3,Fog:3,683,9835.199999999873,132.20000000000073,204.40000000000146
RU:0,Fog:0,684,9849.599999999873,132.20000000000073,204.40000000000146
RU:1,Fog:1,684,9849.599999999873,132.20000000000073,204.40000000000146
RU:2,Fog:2,684,9849.599999999873,132.20000000000073,204.40000000000146
RU:3,Fog:3,684,9849.599999999873,132.20000000000073,204.40000000000146
RU:0,Fog:0,685,9863.999999999873,132.20000000000073,204.40000000000146
RU:1,Fog:1,685,9863.999999999873,132.20000000000073,204.40000000000146
RU:2,Fog:2,685,9863.999999999873,132.20000000000073,204.40000000000146
RU:3,Fog:3,685,9863.999999999873,132.20000000000073,204.40000000000146
RU:0,Fog:0,686,9878.399999999872,132.20000000000073,204.40000000000146
RU:1,Fog:1,686,9878.399999999872,132.20000000000073,204.40000000000146
RU:2,Fog:2,686,9878.399999999872,132.20000000000073,204.40000000000146
RU:3,Fog:3,686,9878.399999999872,132.20000000000073,204.40000000000146
RU:0,Fog:0,687,9892.799999999872,132.20000000000073,204.40000000000146
RU:1,Fog:1,687,9892.799999999872,132.20000000000073,204.40000000000146
RU:2,Fog:2,687,9892.799999999872,132.20000000000073,204.40000000000146
RU:3,Fog:3,687,9892.799999999872,132.20000000000073,204.40000000000146
RU:0,Fog:0,688,9907.199999999872,132.20000000000073,204.40000000000146
RU:1,Fog:1,688,9907.199999999872,132.20000000000073,204.40000000000146
RU:2,Fog:2,688,9907.199999999872,132.20000000000073,204.40000000000146
RU:3,Fog:3,688,9907.199999999872,132.20000000000073,204.40000000000146
RU:0,Fog:0,689,9921.599999999871,132.20000000000073,204.40000000000146
RU:1,Fog:1,689,9921.599999999871,132.20000000000073,204.40000000000146
RU:2,Fog:2,689,9921.599999999871,132.20000000000073,204.40000000000146
RU:3,Fog:3,689,9921.599999999871,132.20000000000073,204.40000000000146
RU:0,Fog:0,690,9935.99999999987,132.20000000000073,204.40000000000146
RU:1,Fog:1,690,9935.99999999987,132.20000000000073,204.40000000000146
RU:2,Fog:2,690,9935.99999999987,132.20000000000073,204.40000000000146
RU:3,Fog:3,690,9935.99999999987,132.20000000000073,204.40000000000146
RU:0,Fog:0,691,9950.39999999987,132.20000000000073,204.40000000000146
RU:1,Fog:1,691,9950.39999999987,132.20000000000073,204.40000000000146
RU:2,Fog:2,691,9950.39999999987,132.20000000000073,204.40000000000146
RU:3,Fog:3,691,9950.39999999987,132.20000000000073,204.40000000000146
RU:0,Fog:0,692,9964.79999999987,132.20000000000073,204.40000000000146
RU:1,Fog:1,692,9964.79999999987,132.20000000000073,204.40000000000146
RU:2,Fog:2,692,9964.79999999987,132.20000000000073,204.40000000000146
RU:3,Fog:3,692,9964.79999999987,132.20000000000073,204.40000000000146
RU:0,Fog:0,693,9979.19999999987,132.20000000000073,204.40000000000146
RU:1,Fog:1,693,9979.19999999987,132.20000000000073,204.40000000000146
RU:2,Fog:2,693,9979.19999999987,132.20000000000073,204.40000000000146
RU:3,Fog:3,693,9979.19999999987,132.20000000000073,204.40000000000146
RU:0,Fog:0,694,9993.59999999987,132.20000000000073,204.40000000000146
RU:1,Fog:1,694,9993.59999999987,132.20000000000073,204.40000000000146
RU:2,Fog:2,694,9993.59999999987,132.20000000000073,204.40000000000146
RU:3,Fog:3,694,9993.59999999987,132.20000000000073,204.40000000000146
